Copyright 1986-2022 Xilinx, Inc. All Rights Reserved. Copyright 2022-2025 Advanced Micro Devices, Inc. All Rights Reserved.
---------------------------------------------------------------------------------------------------------------------------------------------------------------------------------------------------------------------
| Tool Version : Vivado v.2025.1 (win64) Build 6140274 Thu May 22 00:12:29 MDT 2025
| Date         : Wed Feb 11 12:47:42 2026
| Host         : Laptop15 running 64-bit major release  (build 9200)
| Command      : report_timing_summary -max_paths 10 -routable_nets -report_unconstrained -file top_timing_summary_routed.rpt -pb top_timing_summary_routed.pb -rpx top_timing_summary_routed.rpx -warn_on_violation
| Design       : top
| Device       : 7a100t-csg324
| Speed File   : -1  PRODUCTION 1.23 2018-06-13
| Design State : Routed
---------------------------------------------------------------------------------------------------------------------------------------------------------------------------------------------------------------------

Timing Summary Report

------------------------------------------------------------------------------------------------
| Timer Settings
| --------------
------------------------------------------------------------------------------------------------

  Enable Multi Corner Analysis               :  Yes
  Enable Pessimism Removal                   :  Yes
  Pessimism Removal Resolution               :  Nearest Common Node
  Enable Input Delay Default Clock           :  No
  Enable Preset / Clear Arcs                 :  No
  Disable Flight Delays                      :  No
  Ignore I/O Paths                           :  No
  Timing Early Launch at Borrowing Latches   :  No
  Borrow Time for Max Delay Exceptions       :  Yes
  Merge Timing Exceptions                    :  Yes
  Inter-SLR Compensation                     :  Conservative

  Corner  Analyze    Analyze    
  Name    Max Paths  Min Paths  
  ------  ---------  ---------  
  Slow    Yes        Yes        
  Fast    Yes        Yes        


------------------------------------------------------------------------------------------------
| Report Methodology
| ------------------
------------------------------------------------------------------------------------------------

Rule       Severity  Description                    Violations  
---------  --------  -----------------------------  ----------  
TIMING-18  Warning   Missing input or output delay  41          

Note: This report is based on the most recent report_methodology run and may not be up-to-date. Run report_methodology on the current design for the latest report.



check_timing report

Table of Contents
-----------------
1. checking no_clock (0)
2. checking constant_clock (0)
3. checking pulse_width_clock (0)
4. checking unconstrained_internal_endpoints (0)
5. checking no_input_delay (6)
6. checking no_output_delay (35)
7. checking multiple_clock (0)
8. checking generated_clocks (0)
9. checking loops (0)
10. checking partial_input_delay (0)
11. checking partial_output_delay (0)
12. checking latch_loops (0)

1. checking no_clock (0)
------------------------
 There are 0 register/latch pins with no clock.


2. checking constant_clock (0)
------------------------------
 There are 0 register/latch pins with constant_clock.


3. checking pulse_width_clock (0)
---------------------------------
 There are 0 register/latch pins which need pulse_width check


4. checking unconstrained_internal_endpoints (0)
------------------------------------------------
 There are 0 pins that are not constrained for maximum delay.

 There are 0 pins that are not constrained for maximum delay due to constant clock.


5. checking no_input_delay (6)
------------------------------
 There are 6 input ports with no input delay specified. (HIGH)

 There are 0 input ports with no input delay but user has a false path constraint.


6. checking no_output_delay (35)
--------------------------------
 There are 35 ports with no output delay specified. (HIGH)

 There are 0 ports with no output delay but user has a false path constraint

 There are 0 ports with no output delay but with a timing clock defined on it or propagating through it


7. checking multiple_clock (0)
------------------------------
 There are 0 register/latch pins with multiple clocks.


8. checking generated_clocks (0)
--------------------------------
 There are 0 generated clocks that are not connected to a clock source.


9. checking loops (0)
---------------------
 There are 0 combinational loops in the design.


10. checking partial_input_delay (0)
------------------------------------
 There are 0 input ports with partial input delay specified.


11. checking partial_output_delay (0)
-------------------------------------
 There are 0 ports with partial output delay specified.


12. checking latch_loops (0)
----------------------------
 There are 0 combinational latch loops in the design through latch input



------------------------------------------------------------------------------------------------
| Design Timing Summary
| ---------------------
------------------------------------------------------------------------------------------------

    WNS(ns)      TNS(ns)  TNS Failing Endpoints  TNS Total Endpoints      WHS(ns)      THS(ns)  THS Failing Endpoints  THS Total Endpoints     WPWS(ns)     TPWS(ns)  TPWS Failing Endpoints  TPWS Total Endpoints  
    -------      -------  ---------------------  -------------------      -------      -------  ---------------------  -------------------     --------     --------  ----------------------  --------------------  
      2.335        0.000                      0                12979        0.021        0.000                      0                12979        3.750        0.000                       0                  5335  


All user specified timing constraints are met.


------------------------------------------------------------------------------------------------
| Clock Summary
| -------------
------------------------------------------------------------------------------------------------

Clock  Waveform(ns)       Period(ns)      Frequency(MHz)
-----  ------------       ----------      --------------
clk    {0.000 5.000}      10.000          100.000         


------------------------------------------------------------------------------------------------
| Intra Clock Table
| -----------------
------------------------------------------------------------------------------------------------

Clock             WNS(ns)      TNS(ns)  TNS Failing Endpoints  TNS Total Endpoints      WHS(ns)      THS(ns)  THS Failing Endpoints  THS Total Endpoints     WPWS(ns)     TPWS(ns)  TPWS Failing Endpoints  TPWS Total Endpoints  
-----             -------      -------  ---------------------  -------------------      -------      -------  ---------------------  -------------------     --------     --------  ----------------------  --------------------  
clk                 2.335        0.000                      0                12979        0.021        0.000                      0                12979        3.750        0.000                       0                  5335  


------------------------------------------------------------------------------------------------
| Inter Clock Table
| -----------------
------------------------------------------------------------------------------------------------

From Clock    To Clock          WNS(ns)      TNS(ns)  TNS Failing Endpoints  TNS Total Endpoints      WHS(ns)      THS(ns)  THS Failing Endpoints  THS Total Endpoints  
----------    --------          -------      -------  ---------------------  -------------------      -------      -------  ---------------------  -------------------  


------------------------------------------------------------------------------------------------
| Other Path Groups Table
| -----------------------
------------------------------------------------------------------------------------------------

Path Group    From Clock    To Clock          WNS(ns)      TNS(ns)  TNS Failing Endpoints  TNS Total Endpoints      WHS(ns)      THS(ns)  THS Failing Endpoints  THS Total Endpoints  
----------    ----------    --------          -------      -------  ---------------------  -------------------      -------      -------  ---------------------  -------------------  


------------------------------------------------------------------------------------------------
| User Ignored Path Table
| -----------------------
------------------------------------------------------------------------------------------------

Path Group    From Clock    To Clock    
----------    ----------    --------    


------------------------------------------------------------------------------------------------
| Unconstrained Path Table
| ------------------------
------------------------------------------------------------------------------------------------

Path Group    From Clock    To Clock    
----------    ----------    --------    
(none)        clk                         
(none)                      clk           


------------------------------------------------------------------------------------------------
| Timing Details
| --------------
------------------------------------------------------------------------------------------------


---------------------------------------------------------------------------------------------------
From Clock:  clk
  To Clock:  clk

Setup :            0  Failing Endpoints,  Worst Slack        2.335ns,  Total Violation        0.000ns
Hold  :            0  Failing Endpoints,  Worst Slack        0.021ns,  Total Violation        0.000ns
PW    :            0  Failing Endpoints,  Worst Slack        3.750ns,  Total Violation        0.000ns
---------------------------------------------------------------------------------------------------


Max Delay Paths
--------------------------------------------------------------------------------------
Slack (MET) :             2.335ns  (required time - arrival time)
  Source:                 <hidden>
                            (rising edge-triggered cell FDRE clocked by clk  {rise@0.000ns fall@5.000ns period=10.000ns})
  Destination:            <hidden>
                            (rising edge-triggered cell SRL16E clocked by clk  {rise@0.000ns fall@5.000ns period=10.000ns})
  Path Group:             clk
  Path Type:              Setup (Max at Slow Process Corner)
  Requirement:            10.000ns  (clk rise@10.000ns - clk rise@0.000ns)
  Data Path Delay:        6.981ns  (logic 0.419ns (6.002%)  route 6.562ns (93.998%))
  Logic Levels:           0  
  Clock Path Skew:        0.043ns (DCD - SCD + CPR)
    Destination Clock Delay (DCD):    5.193ns = ( 15.193 - 10.000 ) 
    Source Clock Delay      (SCD):    5.418ns
    Clock Pessimism Removal (CPR):    0.267ns
  Clock Uncertainty:      0.035ns  ((TSJ^2 + TIJ^2)^1/2 + DJ) / 2 + PE
    Total System Jitter     (TSJ):    0.071ns
    Total Input Jitter      (TIJ):    0.000ns
    Discrete Jitter          (DJ):    0.000ns
    Phase Error              (PE):    0.000ns

    Location             Delay type                Incr(ns)  Path(ns)    Netlist Resource(s)
  -------------------------------------------------------------------    -------------------
                         (clock clk rise edge)        0.000     0.000 r  
    E3                                                0.000     0.000 r  clk (IN)
                         net (fo=0)                   0.000     0.000    clk
    E3                   IBUF (Prop_ibuf_I_O)         1.482     1.482 r  clk_IBUF_inst/O
                         net (fo=1, routed)           2.025     3.506    clk_IBUF
    BUFGCTRL_X0Y16       BUFG (Prop_bufg_I_O)         0.096     3.602 r  clk_IBUF_BUFG_inst/O
                         net (fo=5334, routed)        1.815     5.418    <hidden>
    SLICE_X31Y45         FDRE                                         r  <hidden>
  -------------------------------------------------------------------    -------------------
    SLICE_X31Y45         FDRE (Prop_fdre_C_Q)         0.419     5.837 r  <hidden>
                         net (fo=4647, routed)        6.562    12.399    <hidden>
    SLICE_X2Y43          SRL16E                                       r  <hidden>
  -------------------------------------------------------------------    -------------------

                         (clock clk rise edge)       10.000    10.000 r  
    E3                                                0.000    10.000 r  clk (IN)
                         net (fo=0)                   0.000    10.000    clk
    E3                   IBUF (Prop_ibuf_I_O)         1.411    11.411 r  clk_IBUF_inst/O
                         net (fo=1, routed)           1.920    13.331    clk_IBUF
    BUFGCTRL_X0Y16       BUFG (Prop_bufg_I_O)         0.091    13.422 r  clk_IBUF_BUFG_inst/O
                         net (fo=5334, routed)        1.771    15.193    <hidden>
    SLICE_X2Y43          SRL16E                                       r  <hidden>
                         clock pessimism              0.267    15.461    
                         clock uncertainty           -0.035    15.425    
    SLICE_X2Y43          SRL16E (Setup_srl16e_CLK_CE)
                                                     -0.692    14.733    <hidden>
  -------------------------------------------------------------------
                         required time                         14.733    
                         arrival time                         -12.399    
  -------------------------------------------------------------------
                         slack                                  2.335    

Slack (MET) :             2.335ns  (required time - arrival time)
  Source:                 <hidden>
                            (rising edge-triggered cell FDRE clocked by clk  {rise@0.000ns fall@5.000ns period=10.000ns})
  Destination:            <hidden>
                            (rising edge-triggered cell SRL16E clocked by clk  {rise@0.000ns fall@5.000ns period=10.000ns})
  Path Group:             clk
  Path Type:              Setup (Max at Slow Process Corner)
  Requirement:            10.000ns  (clk rise@10.000ns - clk rise@0.000ns)
  Data Path Delay:        6.981ns  (logic 0.419ns (6.002%)  route 6.562ns (93.998%))
  Logic Levels:           0  
  Clock Path Skew:        0.043ns (DCD - SCD + CPR)
    Destination Clock Delay (DCD):    5.193ns = ( 15.193 - 10.000 ) 
    Source Clock Delay      (SCD):    5.418ns
    Clock Pessimism Removal (CPR):    0.267ns
  Clock Uncertainty:      0.035ns  ((TSJ^2 + TIJ^2)^1/2 + DJ) / 2 + PE
    Total System Jitter     (TSJ):    0.071ns
    Total Input Jitter      (TIJ):    0.000ns
    Discrete Jitter          (DJ):    0.000ns
    Phase Error              (PE):    0.000ns

    Location             Delay type                Incr(ns)  Path(ns)    Netlist Resource(s)
  -------------------------------------------------------------------    -------------------
                         (clock clk rise edge)        0.000     0.000 r  
    E3                                                0.000     0.000 r  clk (IN)
                         net (fo=0)                   0.000     0.000    clk
    E3                   IBUF (Prop_ibuf_I_O)         1.482     1.482 r  clk_IBUF_inst/O
                         net (fo=1, routed)           2.025     3.506    clk_IBUF
    BUFGCTRL_X0Y16       BUFG (Prop_bufg_I_O)         0.096     3.602 r  clk_IBUF_BUFG_inst/O
                         net (fo=5334, routed)        1.815     5.418    <hidden>
    SLICE_X31Y45         FDRE                                         r  <hidden>
  -------------------------------------------------------------------    -------------------
    SLICE_X31Y45         FDRE (Prop_fdre_C_Q)         0.419     5.837 r  <hidden>
                         net (fo=4647, routed)        6.562    12.399    <hidden>
    SLICE_X2Y43          SRL16E                                       r  <hidden>
  -------------------------------------------------------------------    -------------------

                         (clock clk rise edge)       10.000    10.000 r  
    E3                                                0.000    10.000 r  clk (IN)
                         net (fo=0)                   0.000    10.000    clk
    E3                   IBUF (Prop_ibuf_I_O)         1.411    11.411 r  clk_IBUF_inst/O
                         net (fo=1, routed)           1.920    13.331    clk_IBUF
    BUFGCTRL_X0Y16       BUFG (Prop_bufg_I_O)         0.091    13.422 r  clk_IBUF_BUFG_inst/O
                         net (fo=5334, routed)        1.771    15.193    <hidden>
    SLICE_X2Y43          SRL16E                                       r  <hidden>
                         clock pessimism              0.267    15.461    
                         clock uncertainty           -0.035    15.425    
    SLICE_X2Y43          SRL16E (Setup_srl16e_CLK_CE)
                                                     -0.692    14.733    <hidden>
  -------------------------------------------------------------------
                         required time                         14.733    
                         arrival time                         -12.399    
  -------------------------------------------------------------------
                         slack                                  2.335    

Slack (MET) :             2.506ns  (required time - arrival time)
  Source:                 <hidden>
                            (rising edge-triggered cell FDRE clocked by clk  {rise@0.000ns fall@5.000ns period=10.000ns})
  Destination:            <hidden>
                            (rising edge-triggered cell FDRE clocked by clk  {rise@0.000ns fall@5.000ns period=10.000ns})
  Path Group:             clk
  Path Type:              Setup (Max at Slow Process Corner)
  Requirement:            10.000ns  (clk rise@10.000ns - clk rise@0.000ns)
  Data Path Delay:        7.120ns  (logic 0.419ns (5.885%)  route 6.701ns (94.115%))
  Logic Levels:           0  
  Clock Path Skew:        0.041ns (DCD - SCD + CPR)
    Destination Clock Delay (DCD):    5.191ns = ( 15.191 - 10.000 ) 
    Source Clock Delay      (SCD):    5.418ns
    Clock Pessimism Removal (CPR):    0.267ns
  Clock Uncertainty:      0.035ns  ((TSJ^2 + TIJ^2)^1/2 + DJ) / 2 + PE
    Total System Jitter     (TSJ):    0.071ns
    Total Input Jitter      (TIJ):    0.000ns
    Discrete Jitter          (DJ):    0.000ns
    Phase Error              (PE):    0.000ns

    Location             Delay type                Incr(ns)  Path(ns)    Netlist Resource(s)
  -------------------------------------------------------------------    -------------------
                         (clock clk rise edge)        0.000     0.000 r  
    E3                                                0.000     0.000 r  clk (IN)
                         net (fo=0)                   0.000     0.000    clk
    E3                   IBUF (Prop_ibuf_I_O)         1.482     1.482 r  clk_IBUF_inst/O
                         net (fo=1, routed)           2.025     3.506    clk_IBUF
    BUFGCTRL_X0Y16       BUFG (Prop_bufg_I_O)         0.096     3.602 r  clk_IBUF_BUFG_inst/O
                         net (fo=5334, routed)        1.815     5.418    <hidden>
    SLICE_X31Y45         FDRE                                         r  <hidden>
  -------------------------------------------------------------------    -------------------
    SLICE_X31Y45         FDRE (Prop_fdre_C_Q)         0.419     5.837 r  <hidden>
                         net (fo=4647, routed)        6.701    12.538    <hidden>
    SLICE_X5Y41          FDRE                                         r  <hidden>
  -------------------------------------------------------------------    -------------------

                         (clock clk rise edge)       10.000    10.000 r  
    E3                                                0.000    10.000 r  clk (IN)
                         net (fo=0)                   0.000    10.000    clk
    E3                   IBUF (Prop_ibuf_I_O)         1.411    11.411 r  clk_IBUF_inst/O
                         net (fo=1, routed)           1.920    13.331    clk_IBUF
    BUFGCTRL_X0Y16       BUFG (Prop_bufg_I_O)         0.091    13.422 r  clk_IBUF_BUFG_inst/O
                         net (fo=5334, routed)        1.769    15.191    <hidden>
    SLICE_X5Y41          FDRE                                         r  <hidden>
                         clock pessimism              0.267    15.459    
                         clock uncertainty           -0.035    15.423    
    SLICE_X5Y41          FDRE (Setup_fdre_C_CE)      -0.380    15.043    <hidden>
  -------------------------------------------------------------------
                         required time                         15.043    
                         arrival time                         -12.538    
  -------------------------------------------------------------------
                         slack                                  2.506    

Slack (MET) :             2.646ns  (required time - arrival time)
  Source:                 <hidden>
                            (rising edge-triggered cell FDRE clocked by clk  {rise@0.000ns fall@5.000ns period=10.000ns})
  Destination:            <hidden>
                            (rising edge-triggered cell FDRE clocked by clk  {rise@0.000ns fall@5.000ns period=10.000ns})
  Path Group:             clk
  Path Type:              Setup (Max at Slow Process Corner)
  Requirement:            10.000ns  (clk rise@10.000ns - clk rise@0.000ns)
  Data Path Delay:        6.980ns  (logic 0.419ns (6.003%)  route 6.561ns (93.997%))
  Logic Levels:           0  
  Clock Path Skew:        0.041ns (DCD - SCD + CPR)
    Destination Clock Delay (DCD):    5.191ns = ( 15.191 - 10.000 ) 
    Source Clock Delay      (SCD):    5.418ns
    Clock Pessimism Removal (CPR):    0.267ns
  Clock Uncertainty:      0.035ns  ((TSJ^2 + TIJ^2)^1/2 + DJ) / 2 + PE
    Total System Jitter     (TSJ):    0.071ns
    Total Input Jitter      (TIJ):    0.000ns
    Discrete Jitter          (DJ):    0.000ns
    Phase Error              (PE):    0.000ns

    Location             Delay type                Incr(ns)  Path(ns)    Netlist Resource(s)
  -------------------------------------------------------------------    -------------------
                         (clock clk rise edge)        0.000     0.000 r  
    E3                                                0.000     0.000 r  clk (IN)
                         net (fo=0)                   0.000     0.000    clk
    E3                   IBUF (Prop_ibuf_I_O)         1.482     1.482 r  clk_IBUF_inst/O
                         net (fo=1, routed)           2.025     3.506    clk_IBUF
    BUFGCTRL_X0Y16       BUFG (Prop_bufg_I_O)         0.096     3.602 r  clk_IBUF_BUFG_inst/O
                         net (fo=5334, routed)        1.815     5.418    <hidden>
    SLICE_X31Y45         FDRE                                         r  <hidden>
  -------------------------------------------------------------------    -------------------
    SLICE_X31Y45         FDRE (Prop_fdre_C_Q)         0.419     5.837 r  <hidden>
                         net (fo=4647, routed)        6.561    12.398    <hidden>
    SLICE_X5Y42          FDRE                                         r  <hidden>
  -------------------------------------------------------------------    -------------------

                         (clock clk rise edge)       10.000    10.000 r  
    E3                                                0.000    10.000 r  clk (IN)
                         net (fo=0)                   0.000    10.000    clk
    E3                   IBUF (Prop_ibuf_I_O)         1.411    11.411 r  clk_IBUF_inst/O
                         net (fo=1, routed)           1.920    13.331    clk_IBUF
    BUFGCTRL_X0Y16       BUFG (Prop_bufg_I_O)         0.091    13.422 r  clk_IBUF_BUFG_inst/O
                         net (fo=5334, routed)        1.769    15.191    <hidden>
    SLICE_X5Y42          FDRE                                         r  <hidden>
                         clock pessimism              0.267    15.459    
                         clock uncertainty           -0.035    15.423    
    SLICE_X5Y42          FDRE (Setup_fdre_C_CE)      -0.380    15.043    <hidden>
  -------------------------------------------------------------------
                         required time                         15.043    
                         arrival time                         -12.398    
  -------------------------------------------------------------------
                         slack                                  2.646    

Slack (MET) :             2.646ns  (required time - arrival time)
  Source:                 <hidden>
                            (rising edge-triggered cell FDRE clocked by clk  {rise@0.000ns fall@5.000ns period=10.000ns})
  Destination:            <hidden>
                            (rising edge-triggered cell FDRE clocked by clk  {rise@0.000ns fall@5.000ns period=10.000ns})
  Path Group:             clk
  Path Type:              Setup (Max at Slow Process Corner)
  Requirement:            10.000ns  (clk rise@10.000ns - clk rise@0.000ns)
  Data Path Delay:        6.980ns  (logic 0.419ns (6.003%)  route 6.561ns (93.997%))
  Logic Levels:           0  
  Clock Path Skew:        0.041ns (DCD - SCD + CPR)
    Destination Clock Delay (DCD):    5.191ns = ( 15.191 - 10.000 ) 
    Source Clock Delay      (SCD):    5.418ns
    Clock Pessimism Removal (CPR):    0.267ns
  Clock Uncertainty:      0.035ns  ((TSJ^2 + TIJ^2)^1/2 + DJ) / 2 + PE
    Total System Jitter     (TSJ):    0.071ns
    Total Input Jitter      (TIJ):    0.000ns
    Discrete Jitter          (DJ):    0.000ns
    Phase Error              (PE):    0.000ns

    Location             Delay type                Incr(ns)  Path(ns)    Netlist Resource(s)
  -------------------------------------------------------------------    -------------------
                         (clock clk rise edge)        0.000     0.000 r  
    E3                                                0.000     0.000 r  clk (IN)
                         net (fo=0)                   0.000     0.000    clk
    E3                   IBUF (Prop_ibuf_I_O)         1.482     1.482 r  clk_IBUF_inst/O
                         net (fo=1, routed)           2.025     3.506    clk_IBUF
    BUFGCTRL_X0Y16       BUFG (Prop_bufg_I_O)         0.096     3.602 r  clk_IBUF_BUFG_inst/O
                         net (fo=5334, routed)        1.815     5.418    <hidden>
    SLICE_X31Y45         FDRE                                         r  <hidden>
  -------------------------------------------------------------------    -------------------
    SLICE_X31Y45         FDRE (Prop_fdre_C_Q)         0.419     5.837 r  <hidden>
                         net (fo=4647, routed)        6.561    12.398    <hidden>
    SLICE_X5Y42          FDRE                                         r  <hidden>
  -------------------------------------------------------------------    -------------------

                         (clock clk rise edge)       10.000    10.000 r  
    E3                                                0.000    10.000 r  clk (IN)
                         net (fo=0)                   0.000    10.000    clk
    E3                   IBUF (Prop_ibuf_I_O)         1.411    11.411 r  clk_IBUF_inst/O
                         net (fo=1, routed)           1.920    13.331    clk_IBUF
    BUFGCTRL_X0Y16       BUFG (Prop_bufg_I_O)         0.091    13.422 r  clk_IBUF_BUFG_inst/O
                         net (fo=5334, routed)        1.769    15.191    <hidden>
    SLICE_X5Y42          FDRE                                         r  <hidden>
                         clock pessimism              0.267    15.459    
                         clock uncertainty           -0.035    15.423    
    SLICE_X5Y42          FDRE (Setup_fdre_C_CE)      -0.380    15.043    <hidden>
  -------------------------------------------------------------------
                         required time                         15.043    
                         arrival time                         -12.398    
  -------------------------------------------------------------------
                         slack                                  2.646    

Slack (MET) :             2.646ns  (required time - arrival time)
  Source:                 <hidden>
                            (rising edge-triggered cell FDRE clocked by clk  {rise@0.000ns fall@5.000ns period=10.000ns})
  Destination:            <hidden>
                            (rising edge-triggered cell FDRE clocked by clk  {rise@0.000ns fall@5.000ns period=10.000ns})
  Path Group:             clk
  Path Type:              Setup (Max at Slow Process Corner)
  Requirement:            10.000ns  (clk rise@10.000ns - clk rise@0.000ns)
  Data Path Delay:        6.980ns  (logic 0.419ns (6.003%)  route 6.561ns (93.997%))
  Logic Levels:           0  
  Clock Path Skew:        0.041ns (DCD - SCD + CPR)
    Destination Clock Delay (DCD):    5.191ns = ( 15.191 - 10.000 ) 
    Source Clock Delay      (SCD):    5.418ns
    Clock Pessimism Removal (CPR):    0.267ns
  Clock Uncertainty:      0.035ns  ((TSJ^2 + TIJ^2)^1/2 + DJ) / 2 + PE
    Total System Jitter     (TSJ):    0.071ns
    Total Input Jitter      (TIJ):    0.000ns
    Discrete Jitter          (DJ):    0.000ns
    Phase Error              (PE):    0.000ns

    Location             Delay type                Incr(ns)  Path(ns)    Netlist Resource(s)
  -------------------------------------------------------------------    -------------------
                         (clock clk rise edge)        0.000     0.000 r  
    E3                                                0.000     0.000 r  clk (IN)
                         net (fo=0)                   0.000     0.000    clk
    E3                   IBUF (Prop_ibuf_I_O)         1.482     1.482 r  clk_IBUF_inst/O
                         net (fo=1, routed)           2.025     3.506    clk_IBUF
    BUFGCTRL_X0Y16       BUFG (Prop_bufg_I_O)         0.096     3.602 r  clk_IBUF_BUFG_inst/O
                         net (fo=5334, routed)        1.815     5.418    <hidden>
    SLICE_X31Y45         FDRE                                         r  <hidden>
  -------------------------------------------------------------------    -------------------
    SLICE_X31Y45         FDRE (Prop_fdre_C_Q)         0.419     5.837 r  <hidden>
                         net (fo=4647, routed)        6.561    12.398    <hidden>
    SLICE_X5Y42          FDRE                                         r  <hidden>
  -------------------------------------------------------------------    -------------------

                         (clock clk rise edge)       10.000    10.000 r  
    E3                                                0.000    10.000 r  clk (IN)
                         net (fo=0)                   0.000    10.000    clk
    E3                   IBUF (Prop_ibuf_I_O)         1.411    11.411 r  clk_IBUF_inst/O
                         net (fo=1, routed)           1.920    13.331    clk_IBUF
    BUFGCTRL_X0Y16       BUFG (Prop_bufg_I_O)         0.091    13.422 r  clk_IBUF_BUFG_inst/O
                         net (fo=5334, routed)        1.769    15.191    <hidden>
    SLICE_X5Y42          FDRE                                         r  <hidden>
                         clock pessimism              0.267    15.459    
                         clock uncertainty           -0.035    15.423    
    SLICE_X5Y42          FDRE (Setup_fdre_C_CE)      -0.380    15.043    <hidden>
  -------------------------------------------------------------------
                         required time                         15.043    
                         arrival time                         -12.398    
  -------------------------------------------------------------------
                         slack                                  2.646    

Slack (MET) :             2.646ns  (required time - arrival time)
  Source:                 <hidden>
                            (rising edge-triggered cell FDRE clocked by clk  {rise@0.000ns fall@5.000ns period=10.000ns})
  Destination:            <hidden>
                            (rising edge-triggered cell FDRE clocked by clk  {rise@0.000ns fall@5.000ns period=10.000ns})
  Path Group:             clk
  Path Type:              Setup (Max at Slow Process Corner)
  Requirement:            10.000ns  (clk rise@10.000ns - clk rise@0.000ns)
  Data Path Delay:        6.980ns  (logic 0.419ns (6.003%)  route 6.561ns (93.997%))
  Logic Levels:           0  
  Clock Path Skew:        0.041ns (DCD - SCD + CPR)
    Destination Clock Delay (DCD):    5.191ns = ( 15.191 - 10.000 ) 
    Source Clock Delay      (SCD):    5.418ns
    Clock Pessimism Removal (CPR):    0.267ns
  Clock Uncertainty:      0.035ns  ((TSJ^2 + TIJ^2)^1/2 + DJ) / 2 + PE
    Total System Jitter     (TSJ):    0.071ns
    Total Input Jitter      (TIJ):    0.000ns
    Discrete Jitter          (DJ):    0.000ns
    Phase Error              (PE):    0.000ns

    Location             Delay type                Incr(ns)  Path(ns)    Netlist Resource(s)
  -------------------------------------------------------------------    -------------------
                         (clock clk rise edge)        0.000     0.000 r  
    E3                                                0.000     0.000 r  clk (IN)
                         net (fo=0)                   0.000     0.000    clk
    E3                   IBUF (Prop_ibuf_I_O)         1.482     1.482 r  clk_IBUF_inst/O
                         net (fo=1, routed)           2.025     3.506    clk_IBUF
    BUFGCTRL_X0Y16       BUFG (Prop_bufg_I_O)         0.096     3.602 r  clk_IBUF_BUFG_inst/O
                         net (fo=5334, routed)        1.815     5.418    <hidden>
    SLICE_X31Y45         FDRE                                         r  <hidden>
  -------------------------------------------------------------------    -------------------
    SLICE_X31Y45         FDRE (Prop_fdre_C_Q)         0.419     5.837 r  <hidden>
                         net (fo=4647, routed)        6.561    12.398    <hidden>
    SLICE_X5Y42          FDRE                                         r  <hidden>
  -------------------------------------------------------------------    -------------------

                         (clock clk rise edge)       10.000    10.000 r  
    E3                                                0.000    10.000 r  clk (IN)
                         net (fo=0)                   0.000    10.000    clk
    E3                   IBUF (Prop_ibuf_I_O)         1.411    11.411 r  clk_IBUF_inst/O
                         net (fo=1, routed)           1.920    13.331    clk_IBUF
    BUFGCTRL_X0Y16       BUFG (Prop_bufg_I_O)         0.091    13.422 r  clk_IBUF_BUFG_inst/O
                         net (fo=5334, routed)        1.769    15.191    <hidden>
    SLICE_X5Y42          FDRE                                         r  <hidden>
                         clock pessimism              0.267    15.459    
                         clock uncertainty           -0.035    15.423    
    SLICE_X5Y42          FDRE (Setup_fdre_C_CE)      -0.380    15.043    <hidden>
  -------------------------------------------------------------------
                         required time                         15.043    
                         arrival time                         -12.398    
  -------------------------------------------------------------------
                         slack                                  2.646    

Slack (MET) :             2.646ns  (required time - arrival time)
  Source:                 <hidden>
                            (rising edge-triggered cell FDRE clocked by clk  {rise@0.000ns fall@5.000ns period=10.000ns})
  Destination:            <hidden>
                            (rising edge-triggered cell FDRE clocked by clk  {rise@0.000ns fall@5.000ns period=10.000ns})
  Path Group:             clk
  Path Type:              Setup (Max at Slow Process Corner)
  Requirement:            10.000ns  (clk rise@10.000ns - clk rise@0.000ns)
  Data Path Delay:        6.980ns  (logic 0.419ns (6.003%)  route 6.561ns (93.997%))
  Logic Levels:           0  
  Clock Path Skew:        0.041ns (DCD - SCD + CPR)
    Destination Clock Delay (DCD):    5.191ns = ( 15.191 - 10.000 ) 
    Source Clock Delay      (SCD):    5.418ns
    Clock Pessimism Removal (CPR):    0.267ns
  Clock Uncertainty:      0.035ns  ((TSJ^2 + TIJ^2)^1/2 + DJ) / 2 + PE
    Total System Jitter     (TSJ):    0.071ns
    Total Input Jitter      (TIJ):    0.000ns
    Discrete Jitter          (DJ):    0.000ns
    Phase Error              (PE):    0.000ns

    Location             Delay type                Incr(ns)  Path(ns)    Netlist Resource(s)
  -------------------------------------------------------------------    -------------------
                         (clock clk rise edge)        0.000     0.000 r  
    E3                                                0.000     0.000 r  clk (IN)
                         net (fo=0)                   0.000     0.000    clk
    E3                   IBUF (Prop_ibuf_I_O)         1.482     1.482 r  clk_IBUF_inst/O
                         net (fo=1, routed)           2.025     3.506    clk_IBUF
    BUFGCTRL_X0Y16       BUFG (Prop_bufg_I_O)         0.096     3.602 r  clk_IBUF_BUFG_inst/O
                         net (fo=5334, routed)        1.815     5.418    <hidden>
    SLICE_X31Y45         FDRE                                         r  <hidden>
  -------------------------------------------------------------------    -------------------
    SLICE_X31Y45         FDRE (Prop_fdre_C_Q)         0.419     5.837 r  <hidden>
                         net (fo=4647, routed)        6.561    12.398    <hidden>
    SLICE_X5Y42          FDRE                                         r  <hidden>
  -------------------------------------------------------------------    -------------------

                         (clock clk rise edge)       10.000    10.000 r  
    E3                                                0.000    10.000 r  clk (IN)
                         net (fo=0)                   0.000    10.000    clk
    E3                   IBUF (Prop_ibuf_I_O)         1.411    11.411 r  clk_IBUF_inst/O
                         net (fo=1, routed)           1.920    13.331    clk_IBUF
    BUFGCTRL_X0Y16       BUFG (Prop_bufg_I_O)         0.091    13.422 r  clk_IBUF_BUFG_inst/O
                         net (fo=5334, routed)        1.769    15.191    <hidden>
    SLICE_X5Y42          FDRE                                         r  <hidden>
                         clock pessimism              0.267    15.459    
                         clock uncertainty           -0.035    15.423    
    SLICE_X5Y42          FDRE (Setup_fdre_C_CE)      -0.380    15.043    <hidden>
  -------------------------------------------------------------------
                         required time                         15.043    
                         arrival time                         -12.398    
  -------------------------------------------------------------------
                         slack                                  2.646    

Slack (MET) :             2.646ns  (required time - arrival time)
  Source:                 <hidden>
                            (rising edge-triggered cell FDRE clocked by clk  {rise@0.000ns fall@5.000ns period=10.000ns})
  Destination:            <hidden>
                            (rising edge-triggered cell FDRE clocked by clk  {rise@0.000ns fall@5.000ns period=10.000ns})
  Path Group:             clk
  Path Type:              Setup (Max at Slow Process Corner)
  Requirement:            10.000ns  (clk rise@10.000ns - clk rise@0.000ns)
  Data Path Delay:        6.980ns  (logic 0.419ns (6.003%)  route 6.561ns (93.997%))
  Logic Levels:           0  
  Clock Path Skew:        0.041ns (DCD - SCD + CPR)
    Destination Clock Delay (DCD):    5.191ns = ( 15.191 - 10.000 ) 
    Source Clock Delay      (SCD):    5.418ns
    Clock Pessimism Removal (CPR):    0.267ns
  Clock Uncertainty:      0.035ns  ((TSJ^2 + TIJ^2)^1/2 + DJ) / 2 + PE
    Total System Jitter     (TSJ):    0.071ns
    Total Input Jitter      (TIJ):    0.000ns
    Discrete Jitter          (DJ):    0.000ns
    Phase Error              (PE):    0.000ns

    Location             Delay type                Incr(ns)  Path(ns)    Netlist Resource(s)
  -------------------------------------------------------------------    -------------------
                         (clock clk rise edge)        0.000     0.000 r  
    E3                                                0.000     0.000 r  clk (IN)
                         net (fo=0)                   0.000     0.000    clk
    E3                   IBUF (Prop_ibuf_I_O)         1.482     1.482 r  clk_IBUF_inst/O
                         net (fo=1, routed)           2.025     3.506    clk_IBUF
    BUFGCTRL_X0Y16       BUFG (Prop_bufg_I_O)         0.096     3.602 r  clk_IBUF_BUFG_inst/O
                         net (fo=5334, routed)        1.815     5.418    <hidden>
    SLICE_X31Y45         FDRE                                         r  <hidden>
  -------------------------------------------------------------------    -------------------
    SLICE_X31Y45         FDRE (Prop_fdre_C_Q)         0.419     5.837 r  <hidden>
                         net (fo=4647, routed)        6.561    12.398    <hidden>
    SLICE_X5Y42          FDRE                                         r  <hidden>
  -------------------------------------------------------------------    -------------------

                         (clock clk rise edge)       10.000    10.000 r  
    E3                                                0.000    10.000 r  clk (IN)
                         net (fo=0)                   0.000    10.000    clk
    E3                   IBUF (Prop_ibuf_I_O)         1.411    11.411 r  clk_IBUF_inst/O
                         net (fo=1, routed)           1.920    13.331    clk_IBUF
    BUFGCTRL_X0Y16       BUFG (Prop_bufg_I_O)         0.091    13.422 r  clk_IBUF_BUFG_inst/O
                         net (fo=5334, routed)        1.769    15.191    <hidden>
    SLICE_X5Y42          FDRE                                         r  <hidden>
                         clock pessimism              0.267    15.459    
                         clock uncertainty           -0.035    15.423    
    SLICE_X5Y42          FDRE (Setup_fdre_C_CE)      -0.380    15.043    <hidden>
  -------------------------------------------------------------------
                         required time                         15.043    
                         arrival time                         -12.398    
  -------------------------------------------------------------------
                         slack                                  2.646    

Slack (MET) :             2.683ns  (required time - arrival time)
  Source:                 <hidden>
                            (rising edge-triggered cell FDRE clocked by clk  {rise@0.000ns fall@5.000ns period=10.000ns})
  Destination:            <hidden>
                            (rising edge-triggered cell FDRE clocked by clk  {rise@0.000ns fall@5.000ns period=10.000ns})
  Path Group:             clk
  Path Type:              Setup (Max at Slow Process Corner)
  Requirement:            10.000ns  (clk rise@10.000ns - clk rise@0.000ns)
  Data Path Delay:        6.981ns  (logic 0.419ns (6.002%)  route 6.562ns (93.998%))
  Logic Levels:           0  
  Clock Path Skew:        0.043ns (DCD - SCD + CPR)
    Destination Clock Delay (DCD):    5.193ns = ( 15.193 - 10.000 ) 
    Source Clock Delay      (SCD):    5.418ns
    Clock Pessimism Removal (CPR):    0.267ns
  Clock Uncertainty:      0.035ns  ((TSJ^2 + TIJ^2)^1/2 + DJ) / 2 + PE
    Total System Jitter     (TSJ):    0.071ns
    Total Input Jitter      (TIJ):    0.000ns
    Discrete Jitter          (DJ):    0.000ns
    Phase Error              (PE):    0.000ns

    Location             Delay type                Incr(ns)  Path(ns)    Netlist Resource(s)
  -------------------------------------------------------------------    -------------------
                         (clock clk rise edge)        0.000     0.000 r  
    E3                                                0.000     0.000 r  clk (IN)
                         net (fo=0)                   0.000     0.000    clk
    E3                   IBUF (Prop_ibuf_I_O)         1.482     1.482 r  clk_IBUF_inst/O
                         net (fo=1, routed)           2.025     3.506    clk_IBUF
    BUFGCTRL_X0Y16       BUFG (Prop_bufg_I_O)         0.096     3.602 r  clk_IBUF_BUFG_inst/O
                         net (fo=5334, routed)        1.815     5.418    <hidden>
    SLICE_X31Y45         FDRE                                         r  <hidden>
  -------------------------------------------------------------------    -------------------
    SLICE_X31Y45         FDRE (Prop_fdre_C_Q)         0.419     5.837 r  <hidden>
                         net (fo=4647, routed)        6.562    12.399    <hidden>
    SLICE_X2Y43          FDRE                                         r  <hidden>
  -------------------------------------------------------------------    -------------------

                         (clock clk rise edge)       10.000    10.000 r  
    E3                                                0.000    10.000 r  clk (IN)
                         net (fo=0)                   0.000    10.000    clk
    E3                   IBUF (Prop_ibuf_I_O)         1.411    11.411 r  clk_IBUF_inst/O
                         net (fo=1, routed)           1.920    13.331    clk_IBUF
    BUFGCTRL_X0Y16       BUFG (Prop_bufg_I_O)         0.091    13.422 r  clk_IBUF_BUFG_inst/O
                         net (fo=5334, routed)        1.771    15.193    <hidden>
    SLICE_X2Y43          FDRE                                         r  <hidden>
                         clock pessimism              0.267    15.461    
                         clock uncertainty           -0.035    15.425    
    SLICE_X2Y43          FDRE (Setup_fdre_C_CE)      -0.344    15.081    <hidden>
  -------------------------------------------------------------------
                         required time                         15.081    
                         arrival time                         -12.399    
  -------------------------------------------------------------------
                         slack                                  2.683    





Min Delay Paths
--------------------------------------------------------------------------------------
Slack (MET) :             0.021ns  (arrival time - required time)
  Source:                 <hidden>
                            (rising edge-triggered cell FDRE clocked by clk  {rise@0.000ns fall@5.000ns period=10.000ns})
  Destination:            <hidden>
                            (rising edge-triggered cell RAMB18E1 clocked by clk  {rise@0.000ns fall@5.000ns period=10.000ns})
  Path Group:             clk
  Path Type:              Hold (Min at Fast Process Corner)
  Requirement:            0.000ns  (clk rise@0.000ns - clk rise@0.000ns)
  Data Path Delay:        0.320ns  (logic 0.148ns (46.312%)  route 0.172ns (53.688%))
  Logic Levels:           0  
  Clock Path Skew:        0.055ns (DCD - SCD - CPR)
    Destination Clock Delay (DCD):    2.114ns
    Source Clock Delay      (SCD):    1.555ns
    Clock Pessimism Removal (CPR):    0.504ns

    Location             Delay type                Incr(ns)  Path(ns)    Netlist Resource(s)
  -------------------------------------------------------------------    -------------------
                         (clock clk rise edge)        0.000     0.000 r  
    E3                                                0.000     0.000 r  clk (IN)
                         net (fo=0)                   0.000     0.000    clk
    E3                   IBUF (Prop_ibuf_I_O)         0.250     0.250 r  clk_IBUF_inst/O
                         net (fo=1, routed)           0.644     0.894    clk_IBUF
    BUFGCTRL_X0Y16       BUFG (Prop_bufg_I_O)         0.026     0.920 r  clk_IBUF_BUFG_inst/O
                         net (fo=5334, routed)        0.635     1.555    <hidden>
    SLICE_X8Y32          FDRE                                         r  <hidden>
  -------------------------------------------------------------------    -------------------
    SLICE_X8Y32          FDRE (Prop_fdre_C_Q)         0.148     1.703 r  <hidden>
                         net (fo=1, routed)           0.172     1.875    <hidden>
    RAMB18_X0Y12         RAMB18E1                                     r  <hidden>
  -------------------------------------------------------------------    -------------------

                         (clock clk rise edge)        0.000     0.000 r  
    E3                                                0.000     0.000 r  clk (IN)
                         net (fo=0)                   0.000     0.000    clk
    E3                   IBUF (Prop_ibuf_I_O)         0.438     0.438 r  clk_IBUF_inst/O
                         net (fo=1, routed)           0.699     1.136    clk_IBUF
    BUFGCTRL_X0Y16       BUFG (Prop_bufg_I_O)         0.029     1.165 r  clk_IBUF_BUFG_inst/O
                         net (fo=5334, routed)        0.949     2.114    <hidden>
    RAMB18_X0Y12         RAMB18E1                                     r  <hidden>
                         clock pessimism             -0.504     1.610    
    RAMB18_X0Y12         RAMB18E1 (Hold_ramb18e1_CLKBWRCLK_DIBDI[15])
                                                      0.243     1.853    <hidden>
  -------------------------------------------------------------------
                         required time                         -1.853    
                         arrival time                           1.875    
  -------------------------------------------------------------------
                         slack                                  0.021    

Slack (MET) :             0.034ns  (arrival time - required time)
  Source:                 <hidden>
                            (rising edge-triggered cell FDRE clocked by clk  {rise@0.000ns fall@5.000ns period=10.000ns})
  Destination:            <hidden>
                            (rising edge-triggered cell FDRE clocked by clk  {rise@0.000ns fall@5.000ns period=10.000ns})
  Path Group:             clk
  Path Type:              Hold (Min at Fast Process Corner)
  Requirement:            0.000ns  (clk rise@0.000ns - clk rise@0.000ns)
  Data Path Delay:        0.367ns  (logic 0.141ns (38.401%)  route 0.226ns (61.599%))
  Logic Levels:           0  
  Clock Path Skew:        0.263ns (DCD - SCD - CPR)
    Destination Clock Delay (DCD):    2.067ns
    Source Clock Delay      (SCD):    1.550ns
    Clock Pessimism Removal (CPR):    0.254ns

    Location             Delay type                Incr(ns)  Path(ns)    Netlist Resource(s)
  -------------------------------------------------------------------    -------------------
                         (clock clk rise edge)        0.000     0.000 r  
    E3                                                0.000     0.000 r  clk (IN)
                         net (fo=0)                   0.000     0.000    clk
    E3                   IBUF (Prop_ibuf_I_O)         0.250     0.250 r  clk_IBUF_inst/O
                         net (fo=1, routed)           0.644     0.894    clk_IBUF
    BUFGCTRL_X0Y16       BUFG (Prop_bufg_I_O)         0.026     0.920 r  clk_IBUF_BUFG_inst/O
                         net (fo=5334, routed)        0.630     1.550    <hidden>
    SLICE_X49Y39         FDRE                                         r  <hidden>
  -------------------------------------------------------------------    -------------------
    SLICE_X49Y39         FDRE (Prop_fdre_C_Q)         0.141     1.691 r  <hidden>
                         net (fo=2, routed)           0.226     1.917    <hidden>
    SLICE_X55Y39         FDRE                                         r  <hidden>
  -------------------------------------------------------------------    -------------------

                         (clock clk rise edge)        0.000     0.000 r  
    E3                                                0.000     0.000 r  clk (IN)
                         net (fo=0)                   0.000     0.000    clk
    E3                   IBUF (Prop_ibuf_I_O)         0.438     0.438 r  clk_IBUF_inst/O
                         net (fo=1, routed)           0.699     1.136    clk_IBUF
    BUFGCTRL_X0Y16       BUFG (Prop_bufg_I_O)         0.029     1.165 r  clk_IBUF_BUFG_inst/O
                         net (fo=5334, routed)        0.902     2.067    <hidden>
    SLICE_X55Y39         FDRE                                         r  <hidden>
                         clock pessimism             -0.254     1.813    
    SLICE_X55Y39         FDRE (Hold_fdre_C_D)         0.070     1.883    <hidden>
  -------------------------------------------------------------------
                         required time                         -1.883    
                         arrival time                           1.917    
  -------------------------------------------------------------------
                         slack                                  0.034    

Slack (MET) :             0.034ns  (arrival time - required time)
  Source:                 <hidden>
                            (rising edge-triggered cell FDRE clocked by clk  {rise@0.000ns fall@5.000ns period=10.000ns})
  Destination:            <hidden>
                            (rising edge-triggered cell FDRE clocked by clk  {rise@0.000ns fall@5.000ns period=10.000ns})
  Path Group:             clk
  Path Type:              Hold (Min at Fast Process Corner)
  Requirement:            0.000ns  (clk rise@0.000ns - clk rise@0.000ns)
  Data Path Delay:        0.475ns  (logic 0.291ns (61.239%)  route 0.184ns (38.761%))
  Logic Levels:           2  (CARRY4=1 LUT3=1)
  Clock Path Skew:        0.336ns (DCD - SCD - CPR)
    Destination Clock Delay (DCD):    2.082ns
    Source Clock Delay      (SCD):    1.495ns
    Clock Pessimism Removal (CPR):    0.250ns

    Location             Delay type                Incr(ns)  Path(ns)    Netlist Resource(s)
  -------------------------------------------------------------------    -------------------
                         (clock clk rise edge)        0.000     0.000 r  
    E3                                                0.000     0.000 r  clk (IN)
                         net (fo=0)                   0.000     0.000    clk
    E3                   IBUF (Prop_ibuf_I_O)         0.250     0.250 r  clk_IBUF_inst/O
                         net (fo=1, routed)           0.644     0.894    clk_IBUF
    BUFGCTRL_X0Y16       BUFG (Prop_bufg_I_O)         0.026     0.920 r  clk_IBUF_BUFG_inst/O
                         net (fo=5334, routed)        0.576     1.495    <hidden>
    SLICE_X13Y50         FDRE                                         r  <hidden>
  -------------------------------------------------------------------    -------------------
    SLICE_X13Y50         FDRE (Prop_fdre_C_Q)         0.128     1.623 r  <hidden>
                         net (fo=2, routed)           0.184     1.808    <hidden>
    SLICE_X13Y49         LUT3 (Prop_lut3_I2_O)        0.098     1.906 r  <hidden>
                         net (fo=1, routed)           0.000     1.906    <hidden>
    SLICE_X13Y49         CARRY4 (Prop_carry4_S[1]_O[1])
                                                      0.065     1.971 r  <hidden>
                         net (fo=1, routed)           0.000     1.971    <hidden>
    SLICE_X13Y49         FDRE                                         r  <hidden>
  -------------------------------------------------------------------    -------------------

                         (clock clk rise edge)        0.000     0.000 r  
    E3                                                0.000     0.000 r  clk (IN)
                         net (fo=0)                   0.000     0.000    clk
    E3                   IBUF (Prop_ibuf_I_O)         0.438     0.438 r  clk_IBUF_inst/O
                         net (fo=1, routed)           0.699     1.136    clk_IBUF
    BUFGCTRL_X0Y16       BUFG (Prop_bufg_I_O)         0.029     1.165 r  clk_IBUF_BUFG_inst/O
                         net (fo=5334, routed)        0.917     2.082    <hidden>
    SLICE_X13Y49         FDRE                                         r  <hidden>
                         clock pessimism             -0.250     1.831    
    SLICE_X13Y49         FDRE (Hold_fdre_C_D)         0.105     1.936    <hidden>
  -------------------------------------------------------------------
                         required time                         -1.936    
                         arrival time                           1.971    
  -------------------------------------------------------------------
                         slack                                  0.034    

Slack (MET) :             0.039ns  (arrival time - required time)
  Source:                 <hidden>
                            (rising edge-triggered cell FDRE clocked by clk  {rise@0.000ns fall@5.000ns period=10.000ns})
  Destination:            <hidden>
                            (rising edge-triggered cell FDRE clocked by clk  {rise@0.000ns fall@5.000ns period=10.000ns})
  Path Group:             clk
  Path Type:              Hold (Min at Fast Process Corner)
  Requirement:            0.000ns  (clk rise@0.000ns - clk rise@0.000ns)
  Data Path Delay:        0.426ns  (logic 0.209ns (49.021%)  route 0.217ns (50.979%))
  Logic Levels:           1  (LUT3=1)
  Clock Path Skew:        0.266ns (DCD - SCD - CPR)
    Destination Clock Delay (DCD):    2.067ns
    Source Clock Delay      (SCD):    1.547ns
    Clock Pessimism Removal (CPR):    0.254ns

    Location             Delay type                Incr(ns)  Path(ns)    Netlist Resource(s)
  -------------------------------------------------------------------    -------------------
                         (clock clk rise edge)        0.000     0.000 r  
    E3                                                0.000     0.000 r  clk (IN)
                         net (fo=0)                   0.000     0.000    clk
    E3                   IBUF (Prop_ibuf_I_O)         0.250     0.250 r  clk_IBUF_inst/O
                         net (fo=1, routed)           0.644     0.894    clk_IBUF
    BUFGCTRL_X0Y16       BUFG (Prop_bufg_I_O)         0.026     0.920 r  clk_IBUF_BUFG_inst/O
                         net (fo=5334, routed)        0.627     1.547    <hidden>
    SLICE_X54Y37         FDRE                                         r  <hidden>
  -------------------------------------------------------------------    -------------------
    SLICE_X54Y37         FDRE (Prop_fdre_C_Q)         0.164     1.711 r  <hidden>
                         net (fo=2, routed)           0.217     1.928    <hidden>
    SLICE_X46Y36         LUT3 (Prop_lut3_I1_O)        0.045     1.973 r  <hidden>
                         net (fo=1, routed)           0.000     1.973    <hidden>
    SLICE_X46Y36         FDRE                                         r  <hidden>
  -------------------------------------------------------------------    -------------------

                         (clock clk rise edge)        0.000     0.000 r  
    E3                                                0.000     0.000 r  clk (IN)
                         net (fo=0)                   0.000     0.000    clk
    E3                   IBUF (Prop_ibuf_I_O)         0.438     0.438 r  clk_IBUF_inst/O
                         net (fo=1, routed)           0.699     1.136    clk_IBUF
    BUFGCTRL_X0Y16       BUFG (Prop_bufg_I_O)         0.029     1.165 r  clk_IBUF_BUFG_inst/O
                         net (fo=5334, routed)        0.902     2.067    <hidden>
    SLICE_X46Y36         FDRE                                         r  <hidden>
                         clock pessimism             -0.254     1.813    
    SLICE_X46Y36         FDRE (Hold_fdre_C_D)         0.121     1.934    <hidden>
  -------------------------------------------------------------------
                         required time                         -1.934    
                         arrival time                           1.973    
  -------------------------------------------------------------------
                         slack                                  0.039    

Slack (MET) :             0.040ns  (arrival time - required time)
  Source:                 <hidden>
                            (rising edge-triggered cell FDRE clocked by clk  {rise@0.000ns fall@5.000ns period=10.000ns})
  Destination:            <hidden>
                            (rising edge-triggered cell SRL16E clocked by clk  {rise@0.000ns fall@5.000ns period=10.000ns})
  Path Group:             clk
  Path Type:              Hold (Min at Fast Process Corner)
  Requirement:            0.000ns  (clk rise@0.000ns - clk rise@0.000ns)
  Data Path Delay:        0.259ns  (logic 0.141ns (54.448%)  route 0.118ns (45.552%))
  Logic Levels:           0  
  Clock Path Skew:        0.036ns (DCD - SCD - CPR)
    Destination Clock Delay (DCD):    2.008ns
    Source Clock Delay      (SCD):    1.492ns
    Clock Pessimism Removal (CPR):    0.479ns

    Location             Delay type                Incr(ns)  Path(ns)    Netlist Resource(s)
  -------------------------------------------------------------------    -------------------
                         (clock clk rise edge)        0.000     0.000 r  
    E3                                                0.000     0.000 r  clk (IN)
                         net (fo=0)                   0.000     0.000    clk
    E3                   IBUF (Prop_ibuf_I_O)         0.250     0.250 r  clk_IBUF_inst/O
                         net (fo=1, routed)           0.644     0.894    clk_IBUF
    BUFGCTRL_X0Y16       BUFG (Prop_bufg_I_O)         0.026     0.920 r  clk_IBUF_BUFG_inst/O
                         net (fo=5334, routed)        0.573     1.492    <hidden>
    SLICE_X28Y51         FDRE                                         r  <hidden>
  -------------------------------------------------------------------    -------------------
    SLICE_X28Y51         FDRE (Prop_fdre_C_Q)         0.141     1.633 r  <hidden>
                         net (fo=1, routed)           0.118     1.751    <hidden>
    SLICE_X30Y52         SRL16E                                       r  <hidden>
  -------------------------------------------------------------------    -------------------

                         (clock clk rise edge)        0.000     0.000 r  
    E3                                                0.000     0.000 r  clk (IN)
                         net (fo=0)                   0.000     0.000    clk
    E3                   IBUF (Prop_ibuf_I_O)         0.438     0.438 r  clk_IBUF_inst/O
                         net (fo=1, routed)           0.699     1.136    clk_IBUF
    BUFGCTRL_X0Y16       BUFG (Prop_bufg_I_O)         0.029     1.165 r  clk_IBUF_BUFG_inst/O
                         net (fo=5334, routed)        0.843     2.008    <hidden>
    SLICE_X30Y52         SRL16E                                       r  <hidden>
                         clock pessimism             -0.479     1.528    
    SLICE_X30Y52         SRL16E (Hold_srl16e_CLK_D)
                                                      0.183     1.711    <hidden>
  -------------------------------------------------------------------
                         required time                         -1.711    
                         arrival time                           1.751    
  -------------------------------------------------------------------
                         slack                                  0.040    

Slack (MET) :             0.041ns  (arrival time - required time)
  Source:                 <hidden>
                            (rising edge-triggered cell FDRE clocked by clk  {rise@0.000ns fall@5.000ns period=10.000ns})
  Destination:            <hidden>
                            (rising edge-triggered cell FDRE clocked by clk  {rise@0.000ns fall@5.000ns period=10.000ns})
  Path Group:             clk
  Path Type:              Hold (Min at Fast Process Corner)
  Requirement:            0.000ns  (clk rise@0.000ns - clk rise@0.000ns)
  Data Path Delay:        0.372ns  (logic 0.141ns (37.878%)  route 0.231ns (62.122%))
  Logic Levels:           0  
  Clock Path Skew:        0.261ns (DCD - SCD - CPR)
    Destination Clock Delay (DCD):    2.065ns
    Source Clock Delay      (SCD):    1.550ns
    Clock Pessimism Removal (CPR):    0.254ns

    Location             Delay type                Incr(ns)  Path(ns)    Netlist Resource(s)
  -------------------------------------------------------------------    -------------------
                         (clock clk rise edge)        0.000     0.000 r  
    E3                                                0.000     0.000 r  clk (IN)
                         net (fo=0)                   0.000     0.000    clk
    E3                   IBUF (Prop_ibuf_I_O)         0.250     0.250 r  clk_IBUF_inst/O
                         net (fo=1, routed)           0.644     0.894    clk_IBUF
    BUFGCTRL_X0Y16       BUFG (Prop_bufg_I_O)         0.026     0.920 r  clk_IBUF_BUFG_inst/O
                         net (fo=5334, routed)        0.630     1.550    <hidden>
    SLICE_X47Y38         FDRE                                         r  <hidden>
  -------------------------------------------------------------------    -------------------
    SLICE_X47Y38         FDRE (Prop_fdre_C_Q)         0.141     1.691 r  <hidden>
                         net (fo=2, routed)           0.231     1.922    <hidden>
    SLICE_X52Y37         FDRE                                         r  <hidden>
  -------------------------------------------------------------------    -------------------

                         (clock clk rise edge)        0.000     0.000 r  
    E3                                                0.000     0.000 r  clk (IN)
                         net (fo=0)                   0.000     0.000    clk
    E3                   IBUF (Prop_ibuf_I_O)         0.438     0.438 r  clk_IBUF_inst/O
                         net (fo=1, routed)           0.699     1.136    clk_IBUF
    BUFGCTRL_X0Y16       BUFG (Prop_bufg_I_O)         0.029     1.165 r  clk_IBUF_BUFG_inst/O
                         net (fo=5334, routed)        0.900     2.065    <hidden>
    SLICE_X52Y37         FDRE                                         r  <hidden>
                         clock pessimism             -0.254     1.811    
    SLICE_X52Y37         FDRE (Hold_fdre_C_D)         0.070     1.881    <hidden>
  -------------------------------------------------------------------
                         required time                         -1.881    
                         arrival time                           1.922    
  -------------------------------------------------------------------
                         slack                                  0.041    

Slack (MET) :             0.042ns  (arrival time - required time)
  Source:                 <hidden>
                            (rising edge-triggered cell FDRE clocked by clk  {rise@0.000ns fall@5.000ns period=10.000ns})
  Destination:            <hidden>
                            (rising edge-triggered cell FDRE clocked by clk  {rise@0.000ns fall@5.000ns period=10.000ns})
  Path Group:             clk
  Path Type:              Hold (Min at Fast Process Corner)
  Requirement:            0.000ns  (clk rise@0.000ns - clk rise@0.000ns)
  Data Path Delay:        0.430ns  (logic 0.209ns (48.584%)  route 0.221ns (51.416%))
  Logic Levels:           1  (LUT3=1)
  Clock Path Skew:        0.267ns (DCD - SCD - CPR)
    Destination Clock Delay (DCD):    2.066ns
    Source Clock Delay      (SCD):    1.545ns
    Clock Pessimism Removal (CPR):    0.254ns

    Location             Delay type                Incr(ns)  Path(ns)    Netlist Resource(s)
  -------------------------------------------------------------------    -------------------
                         (clock clk rise edge)        0.000     0.000 r  
    E3                                                0.000     0.000 r  clk (IN)
                         net (fo=0)                   0.000     0.000    clk
    E3                   IBUF (Prop_ibuf_I_O)         0.250     0.250 r  clk_IBUF_inst/O
                         net (fo=1, routed)           0.644     0.894    clk_IBUF
    BUFGCTRL_X0Y16       BUFG (Prop_bufg_I_O)         0.026     0.920 r  clk_IBUF_BUFG_inst/O
                         net (fo=5334, routed)        0.625     1.545    <hidden>
    SLICE_X54Y33         FDRE                                         r  <hidden>
  -------------------------------------------------------------------    -------------------
    SLICE_X54Y33         FDRE (Prop_fdre_C_Q)         0.164     1.709 r  <hidden>
                         net (fo=2, routed)           0.221     1.930    <hidden>
    SLICE_X46Y34         LUT3 (Prop_lut3_I0_O)        0.045     1.975 r  <hidden>
                         net (fo=1, routed)           0.000     1.975    <hidden>
    SLICE_X46Y34         FDRE                                         r  <hidden>
  -------------------------------------------------------------------    -------------------

                         (clock clk rise edge)        0.000     0.000 r  
    E3                                                0.000     0.000 r  clk (IN)
                         net (fo=0)                   0.000     0.000    clk
    E3                   IBUF (Prop_ibuf_I_O)         0.438     0.438 r  clk_IBUF_inst/O
                         net (fo=1, routed)           0.699     1.136    clk_IBUF
    BUFGCTRL_X0Y16       BUFG (Prop_bufg_I_O)         0.029     1.165 r  clk_IBUF_BUFG_inst/O
                         net (fo=5334, routed)        0.901     2.066    <hidden>
    SLICE_X46Y34         FDRE                                         r  <hidden>
                         clock pessimism             -0.254     1.812    
    SLICE_X46Y34         FDRE (Hold_fdre_C_D)         0.121     1.933    <hidden>
  -------------------------------------------------------------------
                         required time                         -1.933    
                         arrival time                           1.975    
  -------------------------------------------------------------------
                         slack                                  0.042    

Slack (MET) :             0.043ns  (arrival time - required time)
  Source:                 <hidden>
                            (rising edge-triggered cell FDRE clocked by clk  {rise@0.000ns fall@5.000ns period=10.000ns})
  Destination:            <hidden>
                            (rising edge-triggered cell FDRE clocked by clk  {rise@0.000ns fall@5.000ns period=10.000ns})
  Path Group:             clk
  Path Type:              Hold (Min at Fast Process Corner)
  Requirement:            0.000ns  (clk rise@0.000ns - clk rise@0.000ns)
  Data Path Delay:        0.484ns  (logic 0.291ns (60.106%)  route 0.193ns (39.894%))
  Logic Levels:           2  (CARRY4=1 LUT3=1)
  Clock Path Skew:        0.336ns (DCD - SCD - CPR)
    Destination Clock Delay (DCD):    2.082ns
    Source Clock Delay      (SCD):    1.495ns
    Clock Pessimism Removal (CPR):    0.250ns

    Location             Delay type                Incr(ns)  Path(ns)    Netlist Resource(s)
  -------------------------------------------------------------------    -------------------
                         (clock clk rise edge)        0.000     0.000 r  
    E3                                                0.000     0.000 r  clk (IN)
                         net (fo=0)                   0.000     0.000    clk
    E3                   IBUF (Prop_ibuf_I_O)         0.250     0.250 r  clk_IBUF_inst/O
                         net (fo=1, routed)           0.644     0.894    clk_IBUF
    BUFGCTRL_X0Y16       BUFG (Prop_bufg_I_O)         0.026     0.920 r  clk_IBUF_BUFG_inst/O
                         net (fo=5334, routed)        0.576     1.495    <hidden>
    SLICE_X13Y50         FDRE                                         r  <hidden>
  -------------------------------------------------------------------    -------------------
    SLICE_X13Y50         FDRE (Prop_fdre_C_Q)         0.128     1.623 r  <hidden>
                         net (fo=2, routed)           0.193     1.816    <hidden>
    SLICE_X15Y49         LUT3 (Prop_lut3_I0_O)        0.098     1.914 r  <hidden>
                         net (fo=1, routed)           0.000     1.914    <hidden>
    SLICE_X15Y49         CARRY4 (Prop_carry4_S[1]_O[1])
                                                      0.065     1.979 r  <hidden>
                         net (fo=1, routed)           0.000     1.979    <hidden>
    SLICE_X15Y49         FDRE                                         r  <hidden>
  -------------------------------------------------------------------    -------------------

                         (clock clk rise edge)        0.000     0.000 r  
    E3                                                0.000     0.000 r  clk (IN)
                         net (fo=0)                   0.000     0.000    clk
    E3                   IBUF (Prop_ibuf_I_O)         0.438     0.438 r  clk_IBUF_inst/O
                         net (fo=1, routed)           0.699     1.136    clk_IBUF
    BUFGCTRL_X0Y16       BUFG (Prop_bufg_I_O)         0.029     1.165 r  clk_IBUF_BUFG_inst/O
                         net (fo=5334, routed)        0.917     2.082    <hidden>
    SLICE_X15Y49         FDRE                                         r  <hidden>
                         clock pessimism             -0.250     1.831    
    SLICE_X15Y49         FDRE (Hold_fdre_C_D)         0.105     1.936    <hidden>
  -------------------------------------------------------------------
                         required time                         -1.936    
                         arrival time                           1.979    
  -------------------------------------------------------------------
                         slack                                  0.043    

Slack (MET) :             0.047ns  (arrival time - required time)
  Source:                 <hidden>
                            (rising edge-triggered cell FDRE clocked by clk  {rise@0.000ns fall@5.000ns period=10.000ns})
  Destination:            <hidden>
                            (rising edge-triggered cell FDRE clocked by clk  {rise@0.000ns fall@5.000ns period=10.000ns})
  Path Group:             clk
  Path Type:              Hold (Min at Fast Process Corner)
  Requirement:            0.000ns  (clk rise@0.000ns - clk rise@0.000ns)
  Data Path Delay:        0.369ns  (logic 0.141ns (38.194%)  route 0.228ns (61.806%))
  Logic Levels:           0  
  Clock Path Skew:        0.263ns (DCD - SCD - CPR)
    Destination Clock Delay (DCD):    2.067ns
    Source Clock Delay      (SCD):    1.550ns
    Clock Pessimism Removal (CPR):    0.254ns

    Location             Delay type                Incr(ns)  Path(ns)    Netlist Resource(s)
  -------------------------------------------------------------------    -------------------
                         (clock clk rise edge)        0.000     0.000 r  
    E3                                                0.000     0.000 r  clk (IN)
                         net (fo=0)                   0.000     0.000    clk
    E3                   IBUF (Prop_ibuf_I_O)         0.250     0.250 r  clk_IBUF_inst/O
                         net (fo=1, routed)           0.644     0.894    clk_IBUF
    BUFGCTRL_X0Y16       BUFG (Prop_bufg_I_O)         0.026     0.920 r  clk_IBUF_BUFG_inst/O
                         net (fo=5334, routed)        0.630     1.550    <hidden>
    SLICE_X49Y39         FDRE                                         r  <hidden>
  -------------------------------------------------------------------    -------------------
    SLICE_X49Y39         FDRE (Prop_fdre_C_Q)         0.141     1.691 r  <hidden>
                         net (fo=2, routed)           0.228     1.919    <hidden>
    SLICE_X54Y39         FDRE                                         r  <hidden>
  -------------------------------------------------------------------    -------------------

                         (clock clk rise edge)        0.000     0.000 r  
    E3                                                0.000     0.000 r  clk (IN)
                         net (fo=0)                   0.000     0.000    clk
    E3                   IBUF (Prop_ibuf_I_O)         0.438     0.438 r  clk_IBUF_inst/O
                         net (fo=1, routed)           0.699     1.136    clk_IBUF
    BUFGCTRL_X0Y16       BUFG (Prop_bufg_I_O)         0.029     1.165 r  clk_IBUF_BUFG_inst/O
                         net (fo=5334, routed)        0.902     2.067    <hidden>
    SLICE_X54Y39         FDRE                                         r  <hidden>
                         clock pessimism             -0.254     1.813    
    SLICE_X54Y39         FDRE (Hold_fdre_C_D)         0.059     1.872    <hidden>
  -------------------------------------------------------------------
                         required time                         -1.872    
                         arrival time                           1.919    
  -------------------------------------------------------------------
                         slack                                  0.047    

Slack (MET) :             0.050ns  (arrival time - required time)
  Source:                 <hidden>
                            (rising edge-triggered cell FDRE clocked by clk  {rise@0.000ns fall@5.000ns period=10.000ns})
  Destination:            <hidden>
                            (rising edge-triggered cell FDRE clocked by clk  {rise@0.000ns fall@5.000ns period=10.000ns})
  Path Group:             clk
  Path Type:              Hold (Min at Fast Process Corner)
  Requirement:            0.000ns  (clk rise@0.000ns - clk rise@0.000ns)
  Data Path Delay:        0.415ns  (logic 0.252ns (60.684%)  route 0.163ns (39.316%))
  Logic Levels:           2  (CARRY4=1 LUT3=1)
  Clock Path Skew:        0.260ns (DCD - SCD - CPR)
    Destination Clock Delay (DCD):    2.060ns
    Source Clock Delay      (SCD):    1.546ns
    Clock Pessimism Removal (CPR):    0.254ns

    Location             Delay type                Incr(ns)  Path(ns)    Netlist Resource(s)
  -------------------------------------------------------------------    -------------------
                         (clock clk rise edge)        0.000     0.000 r  
    E3                                                0.000     0.000 r  clk (IN)
                         net (fo=0)                   0.000     0.000    clk
    E3                   IBUF (Prop_ibuf_I_O)         0.250     0.250 r  clk_IBUF_inst/O
                         net (fo=1, routed)           0.644     0.894    clk_IBUF
    BUFGCTRL_X0Y16       BUFG (Prop_bufg_I_O)         0.026     0.920 r  clk_IBUF_BUFG_inst/O
                         net (fo=5334, routed)        0.626     1.546    <hidden>
    SLICE_X49Y32         FDRE                                         r  <hidden>
  -------------------------------------------------------------------    -------------------
    SLICE_X49Y32         FDRE (Prop_fdre_C_Q)         0.141     1.687 r  <hidden>
                         net (fo=1, routed)           0.163     1.850    <hidden>
    SLICE_X53Y31         LUT3 (Prop_lut3_I2_O)        0.045     1.895 r  <hidden>
                         net (fo=1, routed)           0.000     1.895    <hidden>
    SLICE_X53Y31         CARRY4 (Prop_carry4_S[2]_O[2])
                                                      0.066     1.961 r  <hidden>
                         net (fo=1, routed)           0.000     1.961    <hidden>
    SLICE_X53Y31         FDRE                                         r  <hidden>
  -------------------------------------------------------------------    -------------------

                         (clock clk rise edge)        0.000     0.000 r  
    E3                                                0.000     0.000 r  clk (IN)
                         net (fo=0)                   0.000     0.000    clk
    E3                   IBUF (Prop_ibuf_I_O)         0.438     0.438 r  clk_IBUF_inst/O
                         net (fo=1, routed)           0.699     1.136    clk_IBUF
    BUFGCTRL_X0Y16       BUFG (Prop_bufg_I_O)         0.029     1.165 r  clk_IBUF_BUFG_inst/O
                         net (fo=5334, routed)        0.895     2.060    <hidden>
    SLICE_X53Y31         FDRE                                         r  <hidden>
                         clock pessimism             -0.254     1.806    
    SLICE_X53Y31         FDRE (Hold_fdre_C_D)         0.105     1.911    <hidden>
  -------------------------------------------------------------------
                         required time                         -1.911    
                         arrival time                           1.961    
  -------------------------------------------------------------------
                         slack                                  0.050    





Pulse Width Checks
--------------------------------------------------------------------------------------
Clock Name:         clk
Waveform(ns):       { 0.000 5.000 }
Period(ns):         10.000
Sources:            { clk }

Check Type        Corner  Lib Pin             Reference Pin  Required(ns)  Actual(ns)  Slack(ns)  Location      Pin
Min Period        n/a     RAMB18E1/CLKARDCLK  n/a            2.576         10.000      7.424      RAMB18_X0Y12  <hidden>
Min Period        n/a     RAMB18E1/CLKBWRCLK  n/a            2.576         10.000      7.424      RAMB18_X0Y12  <hidden>
Min Period        n/a     RAMB18E1/CLKARDCLK  n/a            2.576         10.000      7.424      RAMB18_X0Y21  <hidden>
Min Period        n/a     RAMB18E1/CLKBWRCLK  n/a            2.576         10.000      7.424      RAMB18_X0Y21  <hidden>
Min Period        n/a     RAMB18E1/CLKARDCLK  n/a            2.576         10.000      7.424      RAMB18_X0Y24  <hidden>
Min Period        n/a     RAMB18E1/CLKBWRCLK  n/a            2.576         10.000      7.424      RAMB18_X0Y24  <hidden>
Min Period        n/a     RAMB18E1/CLKARDCLK  n/a            2.576         10.000      7.424      RAMB18_X0Y23  <hidden>
Min Period        n/a     RAMB18E1/CLKBWRCLK  n/a            2.576         10.000      7.424      RAMB18_X0Y23  <hidden>
Min Period        n/a     RAMB18E1/CLKARDCLK  n/a            2.576         10.000      7.424      RAMB18_X0Y22  <hidden>
Min Period        n/a     RAMB18E1/CLKBWRCLK  n/a            2.576         10.000      7.424      RAMB18_X0Y22  <hidden>
Low Pulse Width   Slow    RAMS64E/CLK         n/a            1.250         5.000       3.750      SLICE_X12Y43  <hidden>
Low Pulse Width   Fast    RAMS64E/CLK         n/a            1.250         5.000       3.750      SLICE_X12Y43  <hidden>
Low Pulse Width   Slow    RAMS64E/CLK         n/a            1.250         5.000       3.750      SLICE_X12Y43  <hidden>
Low Pulse Width   Fast    RAMS64E/CLK         n/a            1.250         5.000       3.750      SLICE_X12Y43  <hidden>
Low Pulse Width   Slow    RAMS64E/CLK         n/a            1.250         5.000       3.750      SLICE_X12Y43  <hidden>
Low Pulse Width   Fast    RAMS64E/CLK         n/a            1.250         5.000       3.750      SLICE_X12Y43  <hidden>
Low Pulse Width   Slow    RAMS64E/CLK         n/a            1.250         5.000       3.750      SLICE_X12Y43  <hidden>
Low Pulse Width   Fast    RAMS64E/CLK         n/a            1.250         5.000       3.750      SLICE_X12Y43  <hidden>
Low Pulse Width   Slow    RAMS64E/CLK         n/a            1.250         5.000       3.750      SLICE_X8Y44   <hidden>
Low Pulse Width   Fast    RAMS64E/CLK         n/a            1.250         5.000       3.750      SLICE_X8Y44   <hidden>
High Pulse Width  Slow    RAMS64E/CLK         n/a            1.250         5.000       3.750      SLICE_X12Y43  <hidden>
High Pulse Width  Fast    RAMS64E/CLK         n/a            1.250         5.000       3.750      SLICE_X12Y43  <hidden>
High Pulse Width  Slow    RAMS64E/CLK         n/a            1.250         5.000       3.750      SLICE_X12Y43  <hidden>
High Pulse Width  Fast    RAMS64E/CLK         n/a            1.250         5.000       3.750      SLICE_X12Y43  <hidden>
High Pulse Width  Slow    RAMS64E/CLK         n/a            1.250         5.000       3.750      SLICE_X12Y43  <hidden>
High Pulse Width  Fast    RAMS64E/CLK         n/a            1.250         5.000       3.750      SLICE_X12Y43  <hidden>
High Pulse Width  Slow    RAMS64E/CLK         n/a            1.250         5.000       3.750      SLICE_X12Y43  <hidden>
High Pulse Width  Fast    RAMS64E/CLK         n/a            1.250         5.000       3.750      SLICE_X12Y43  <hidden>
High Pulse Width  Slow    RAMS64E/CLK         n/a            1.250         5.000       3.750      SLICE_X8Y44   <hidden>
High Pulse Width  Fast    RAMS64E/CLK         n/a            1.250         5.000       3.750      SLICE_X8Y44   <hidden>



--------------------------------------------------------------------------------------
Path Group:  (none)
From Clock:  clk
  To Clock:  

Max Delay            35 Endpoints
Min Delay            35 Endpoints
--------------------------------------------------------------------------------------


Max Delay Paths
--------------------------------------------------------------------------------------
Slack:                    inf
  Source:                 <hidden>
                            (rising edge-triggered cell FDRE clocked by clk  {rise@0.000ns fall@5.000ns period=10.000ns})
  Destination:            real_data[14]
                            (output port)
  Path Group:             (none)
  Path Type:              Max at Slow Process Corner
  Data Path Delay:        6.766ns  (logic 3.297ns (48.727%)  route 3.469ns (51.273%))
  Logic Levels:           1  (OBUF=1)
  Clock Uncertainty:      0.025ns  ((TSJ^2 + TIJ^2)^1/2 + DJ) / 2 + PE
    Total System Jitter     (TSJ):    0.050ns
    Total Input Jitter      (TIJ):    0.000ns
    Discrete Jitter          (DJ):    0.000ns
    Phase Error              (PE):    0.000ns

    Location             Delay type                Incr(ns)  Path(ns)    Netlist Resource(s)
  -------------------------------------------------------------------    -------------------
                         (clock clk rise edge)        0.000     0.000 r  
    E3                                                0.000     0.000 r  clk (IN)
                         net (fo=0)                   0.000     0.000    clk
    E3                   IBUF (Prop_ibuf_I_O)         1.482     1.482 r  clk_IBUF_inst/O
                         net (fo=1, routed)           2.025     3.506    clk_IBUF
    BUFGCTRL_X0Y16       BUFG (Prop_bufg_I_O)         0.096     3.602 r  clk_IBUF_BUFG_inst/O
                         net (fo=5334, routed)        1.894     5.497    <hidden>
    SLICE_X2Y36          FDRE                                         r  <hidden>
  -------------------------------------------------------------------    -------------------
    SLICE_X2Y36          FDRE (Prop_fdre_C_Q)         0.478     5.975 r  <hidden>
                         net (fo=1, routed)           3.469     9.444    real_data_OBUF[14]
    R18                  OBUF (Prop_obuf_I_O)         2.819    12.262 r  real_data_OBUF[14]_inst/O
                         net (fo=0)                   0.000    12.262    real_data[14]
    R18                                                               r  real_data[14] (OUT)
  -------------------------------------------------------------------    -------------------

Slack:                    inf
  Source:                 <hidden>
                            (rising edge-triggered cell FDRE clocked by clk  {rise@0.000ns fall@5.000ns period=10.000ns})
  Destination:            real_data[11]
                            (output port)
  Path Group:             (none)
  Path Type:              Max at Slow Process Corner
  Data Path Delay:        6.583ns  (logic 3.292ns (50.010%)  route 3.291ns (49.990%))
  Logic Levels:           1  (OBUF=1)
  Clock Uncertainty:      0.025ns  ((TSJ^2 + TIJ^2)^1/2 + DJ) / 2 + PE
    Total System Jitter     (TSJ):    0.050ns
    Total Input Jitter      (TIJ):    0.000ns
    Discrete Jitter          (DJ):    0.000ns
    Phase Error              (PE):    0.000ns

    Location             Delay type                Incr(ns)  Path(ns)    Netlist Resource(s)
  -------------------------------------------------------------------    -------------------
                         (clock clk rise edge)        0.000     0.000 r  
    E3                                                0.000     0.000 r  clk (IN)
                         net (fo=0)                   0.000     0.000    clk
    E3                   IBUF (Prop_ibuf_I_O)         1.482     1.482 r  clk_IBUF_inst/O
                         net (fo=1, routed)           2.025     3.506    clk_IBUF
    BUFGCTRL_X0Y16       BUFG (Prop_bufg_I_O)         0.096     3.602 r  clk_IBUF_BUFG_inst/O
                         net (fo=5334, routed)        1.894     5.497    <hidden>
    SLICE_X2Y36          FDRE                                         r  <hidden>
  -------------------------------------------------------------------    -------------------
    SLICE_X2Y36          FDRE (Prop_fdre_C_Q)         0.478     5.975 r  <hidden>
                         net (fo=1, routed)           3.291     9.265    real_data_OBUF[11]
    P14                  OBUF (Prop_obuf_I_O)         2.814    12.079 r  real_data_OBUF[11]_inst/O
                         net (fo=0)                   0.000    12.079    real_data[11]
    P14                                                               r  real_data[11] (OUT)
  -------------------------------------------------------------------    -------------------

Slack:                    inf
  Source:                 <hidden>
                            (rising edge-triggered cell FDRE clocked by clk  {rise@0.000ns fall@5.000ns period=10.000ns})
  Destination:            fft_tvalid
                            (output port)
  Path Group:             (none)
  Path Type:              Max at Slow Process Corner
  Data Path Delay:        6.554ns  (logic 3.250ns (49.580%)  route 3.305ns (50.420%))
  Logic Levels:           1  (OBUF=1)
  Clock Uncertainty:      0.025ns  ((TSJ^2 + TIJ^2)^1/2 + DJ) / 2 + PE
    Total System Jitter     (TSJ):    0.050ns
    Total Input Jitter      (TIJ):    0.000ns
    Discrete Jitter          (DJ):    0.000ns
    Phase Error              (PE):    0.000ns

    Location             Delay type                Incr(ns)  Path(ns)    Netlist Resource(s)
  -------------------------------------------------------------------    -------------------
                         (clock clk rise edge)        0.000     0.000 r  
    E3                                                0.000     0.000 r  clk (IN)
                         net (fo=0)                   0.000     0.000    clk
    E3                   IBUF (Prop_ibuf_I_O)         1.482     1.482 r  clk_IBUF_inst/O
                         net (fo=1, routed)           2.025     3.506    clk_IBUF
    BUFGCTRL_X0Y16       BUFG (Prop_bufg_I_O)         0.096     3.602 r  clk_IBUF_BUFG_inst/O
                         net (fo=5334, routed)        1.899     5.502    <hidden>
    SLICE_X1Y43          FDRE                                         r  <hidden>
  -------------------------------------------------------------------    -------------------
    SLICE_X1Y43          FDRE (Prop_fdre_C_Q)         0.419     5.921 r  <hidden>
                         net (fo=1, routed)           3.305     9.225    lopt
    R13                  OBUF (Prop_obuf_I_O)         2.831    12.056 r  fft_tvalid_OBUF_inst/O
                         net (fo=0)                   0.000    12.056    fft_tvalid
    R13                                                               r  fft_tvalid (OUT)
  -------------------------------------------------------------------    -------------------

Slack:                    inf
  Source:                 <hidden>
                            (rising edge-triggered cell FDRE clocked by clk  {rise@0.000ns fall@5.000ns period=10.000ns})
  Destination:            real_data[12]
                            (output port)
  Path Group:             (none)
  Path Type:              Max at Slow Process Corner
  Data Path Delay:        6.473ns  (logic 3.299ns (50.960%)  route 3.174ns (49.041%))
  Logic Levels:           1  (OBUF=1)
  Clock Uncertainty:      0.025ns  ((TSJ^2 + TIJ^2)^1/2 + DJ) / 2 + PE
    Total System Jitter     (TSJ):    0.050ns
    Total Input Jitter      (TIJ):    0.000ns
    Discrete Jitter          (DJ):    0.000ns
    Phase Error              (PE):    0.000ns

    Location             Delay type                Incr(ns)  Path(ns)    Netlist Resource(s)
  -------------------------------------------------------------------    -------------------
                         (clock clk rise edge)        0.000     0.000 r  
    E3                                                0.000     0.000 r  clk (IN)
                         net (fo=0)                   0.000     0.000    clk
    E3                   IBUF (Prop_ibuf_I_O)         1.482     1.482 r  clk_IBUF_inst/O
                         net (fo=1, routed)           2.025     3.506    clk_IBUF
    BUFGCTRL_X0Y16       BUFG (Prop_bufg_I_O)         0.096     3.602 r  clk_IBUF_BUFG_inst/O
                         net (fo=5334, routed)        1.894     5.497    <hidden>
    SLICE_X2Y36          FDRE                                         r  <hidden>
  -------------------------------------------------------------------    -------------------
    SLICE_X2Y36          FDRE (Prop_fdre_C_Q)         0.478     5.975 r  <hidden>
                         net (fo=1, routed)           3.174     9.149    real_data_OBUF[12]
    N14                  OBUF (Prop_obuf_I_O)         2.821    11.970 r  real_data_OBUF[12]_inst/O
                         net (fo=0)                   0.000    11.970    real_data[12]
    N14                                                               r  real_data[12] (OUT)
  -------------------------------------------------------------------    -------------------

Slack:                    inf
  Source:                 <hidden>
                            (rising edge-triggered cell FDRE clocked by clk  {rise@0.000ns fall@5.000ns period=10.000ns})
  Destination:            real_data[10]
                            (output port)
  Path Group:             (none)
  Path Type:              Max at Slow Process Corner
  Data Path Delay:        6.430ns  (logic 3.142ns (48.874%)  route 3.287ns (51.126%))
  Logic Levels:           1  (OBUF=1)
  Clock Uncertainty:      0.025ns  ((TSJ^2 + TIJ^2)^1/2 + DJ) / 2 + PE
    Total System Jitter     (TSJ):    0.050ns
    Total Input Jitter      (TIJ):    0.000ns
    Discrete Jitter          (DJ):    0.000ns
    Phase Error              (PE):    0.000ns

    Location             Delay type                Incr(ns)  Path(ns)    Netlist Resource(s)
  -------------------------------------------------------------------    -------------------
                         (clock clk rise edge)        0.000     0.000 r  
    E3                                                0.000     0.000 r  clk (IN)
                         net (fo=0)                   0.000     0.000    clk
    E3                   IBUF (Prop_ibuf_I_O)         1.482     1.482 r  clk_IBUF_inst/O
                         net (fo=1, routed)           2.025     3.506    clk_IBUF
    BUFGCTRL_X0Y16       BUFG (Prop_bufg_I_O)         0.096     3.602 r  clk_IBUF_BUFG_inst/O
                         net (fo=5334, routed)        1.894     5.497    <hidden>
    SLICE_X2Y36          FDRE                                         r  <hidden>
  -------------------------------------------------------------------    -------------------
    SLICE_X2Y36          FDRE (Prop_fdre_C_Q)         0.518     6.015 r  <hidden>
                         net (fo=1, routed)           3.287     9.302    real_data_OBUF[10]
    N17                  OBUF (Prop_obuf_I_O)         2.624    11.926 r  real_data_OBUF[10]_inst/O
                         net (fo=0)                   0.000    11.926    real_data[10]
    N17                                                               r  real_data[10] (OUT)
  -------------------------------------------------------------------    -------------------

Slack:                    inf
  Source:                 <hidden>
                            (rising edge-triggered cell FDRE clocked by clk  {rise@0.000ns fall@5.000ns period=10.000ns})
  Destination:            real_data[8]
                            (output port)
  Path Group:             (none)
  Path Type:              Max at Slow Process Corner
  Data Path Delay:        6.402ns  (logic 3.132ns (48.924%)  route 3.270ns (51.076%))
  Logic Levels:           1  (OBUF=1)
  Clock Uncertainty:      0.025ns  ((TSJ^2 + TIJ^2)^1/2 + DJ) / 2 + PE
    Total System Jitter     (TSJ):    0.050ns
    Total Input Jitter      (TIJ):    0.000ns
    Discrete Jitter          (DJ):    0.000ns
    Phase Error              (PE):    0.000ns

    Location             Delay type                Incr(ns)  Path(ns)    Netlist Resource(s)
  -------------------------------------------------------------------    -------------------
                         (clock clk rise edge)        0.000     0.000 r  
    E3                                                0.000     0.000 r  clk (IN)
                         net (fo=0)                   0.000     0.000    clk
    E3                   IBUF (Prop_ibuf_I_O)         1.482     1.482 r  clk_IBUF_inst/O
                         net (fo=1, routed)           2.025     3.506    clk_IBUF
    BUFGCTRL_X0Y16       BUFG (Prop_bufg_I_O)         0.096     3.602 r  clk_IBUF_BUFG_inst/O
                         net (fo=5334, routed)        1.894     5.497    <hidden>
    SLICE_X2Y36          FDRE                                         r  <hidden>
  -------------------------------------------------------------------    -------------------
    SLICE_X2Y36          FDRE (Prop_fdre_C_Q)         0.518     6.015 r  <hidden>
                         net (fo=1, routed)           3.270     9.284    real_data_OBUF[8]
    M16                  OBUF (Prop_obuf_I_O)         2.614    11.898 r  real_data_OBUF[8]_inst/O
                         net (fo=0)                   0.000    11.898    real_data[8]
    M16                                                               r  real_data[8] (OUT)
  -------------------------------------------------------------------    -------------------

Slack:                    inf
  Source:                 <hidden>
                            (rising edge-triggered cell FDRE clocked by clk  {rise@0.000ns fall@5.000ns period=10.000ns})
  Destination:            fft_tlast
                            (output port)
  Path Group:             (none)
  Path Type:              Max at Slow Process Corner
  Data Path Delay:        6.392ns  (logic 3.145ns (49.204%)  route 3.247ns (50.796%))
  Logic Levels:           1  (OBUF=1)
  Clock Uncertainty:      0.025ns  ((TSJ^2 + TIJ^2)^1/2 + DJ) / 2 + PE
    Total System Jitter     (TSJ):    0.050ns
    Total Input Jitter      (TIJ):    0.000ns
    Discrete Jitter          (DJ):    0.000ns
    Phase Error              (PE):    0.000ns

    Location             Delay type                Incr(ns)  Path(ns)    Netlist Resource(s)
  -------------------------------------------------------------------    -------------------
                         (clock clk rise edge)        0.000     0.000 r  
    E3                                                0.000     0.000 r  clk (IN)
                         net (fo=0)                   0.000     0.000    clk
    E3                   IBUF (Prop_ibuf_I_O)         1.482     1.482 r  clk_IBUF_inst/O
                         net (fo=1, routed)           2.025     3.506    clk_IBUF
    BUFGCTRL_X0Y16       BUFG (Prop_bufg_I_O)         0.096     3.602 r  clk_IBUF_BUFG_inst/O
                         net (fo=5334, routed)        1.894     5.497    <hidden>
    SLICE_X6Y37          FDRE                                         r  <hidden>
  -------------------------------------------------------------------    -------------------
    SLICE_X6Y37          FDRE (Prop_fdre_C_Q)         0.518     6.015 r  <hidden>
                         net (fo=1, routed)           3.247     9.262    fft_tlast_OBUF
    L13                  OBUF (Prop_obuf_I_O)         2.627    11.889 r  fft_tlast_OBUF_inst/O
                         net (fo=0)                   0.000    11.889    fft_tlast
    L13                                                               r  fft_tlast (OUT)
  -------------------------------------------------------------------    -------------------

Slack:                    inf
  Source:                 <hidden>
                            (rising edge-triggered cell FDRE clocked by clk  {rise@0.000ns fall@5.000ns period=10.000ns})
  Destination:            real_data[3]
                            (output port)
  Path Group:             (none)
  Path Type:              Max at Slow Process Corner
  Data Path Delay:        6.378ns  (logic 3.289ns (51.575%)  route 3.088ns (48.425%))
  Logic Levels:           1  (OBUF=1)
  Clock Uncertainty:      0.025ns  ((TSJ^2 + TIJ^2)^1/2 + DJ) / 2 + PE
    Total System Jitter     (TSJ):    0.050ns
    Total Input Jitter      (TIJ):    0.000ns
    Discrete Jitter          (DJ):    0.000ns
    Phase Error              (PE):    0.000ns

    Location             Delay type                Incr(ns)  Path(ns)    Netlist Resource(s)
  -------------------------------------------------------------------    -------------------
                         (clock clk rise edge)        0.000     0.000 r  
    E3                                                0.000     0.000 r  clk (IN)
                         net (fo=0)                   0.000     0.000    clk
    E3                   IBUF (Prop_ibuf_I_O)         1.482     1.482 r  clk_IBUF_inst/O
                         net (fo=1, routed)           2.025     3.506    clk_IBUF
    BUFGCTRL_X0Y16       BUFG (Prop_bufg_I_O)         0.096     3.602 r  clk_IBUF_BUFG_inst/O
                         net (fo=5334, routed)        1.894     5.497    <hidden>
    SLICE_X6Y37          FDRE                                         r  <hidden>
  -------------------------------------------------------------------    -------------------
    SLICE_X6Y37          FDRE (Prop_fdre_C_Q)         0.478     5.975 r  <hidden>
                         net (fo=1, routed)           3.088     9.063    real_data_OBUF[3]
    R17                  OBUF (Prop_obuf_I_O)         2.811    11.874 r  real_data_OBUF[3]_inst/O
                         net (fo=0)                   0.000    11.874    real_data[3]
    R17                                                               r  real_data[3] (OUT)
  -------------------------------------------------------------------    -------------------

Slack:                    inf
  Source:                 <hidden>
                            (rising edge-triggered cell FDRE clocked by clk  {rise@0.000ns fall@5.000ns period=10.000ns})
  Destination:            real_data[4]
                            (output port)
  Path Group:             (none)
  Path Type:              Max at Slow Process Corner
  Data Path Delay:        6.372ns  (logic 3.291ns (51.643%)  route 3.081ns (48.357%))
  Logic Levels:           1  (OBUF=1)
  Clock Uncertainty:      0.025ns  ((TSJ^2 + TIJ^2)^1/2 + DJ) / 2 + PE
    Total System Jitter     (TSJ):    0.050ns
    Total Input Jitter      (TIJ):    0.000ns
    Discrete Jitter          (DJ):    0.000ns
    Phase Error              (PE):    0.000ns

    Location             Delay type                Incr(ns)  Path(ns)    Netlist Resource(s)
  -------------------------------------------------------------------    -------------------
                         (clock clk rise edge)        0.000     0.000 r  
    E3                                                0.000     0.000 r  clk (IN)
                         net (fo=0)                   0.000     0.000    clk
    E3                   IBUF (Prop_ibuf_I_O)         1.482     1.482 r  clk_IBUF_inst/O
                         net (fo=1, routed)           2.025     3.506    clk_IBUF
    BUFGCTRL_X0Y16       BUFG (Prop_bufg_I_O)         0.096     3.602 r  clk_IBUF_BUFG_inst/O
                         net (fo=5334, routed)        1.894     5.497    <hidden>
    SLICE_X6Y37          FDRE                                         r  <hidden>
  -------------------------------------------------------------------    -------------------
    SLICE_X6Y37          FDRE (Prop_fdre_C_Q)         0.478     5.975 r  <hidden>
                         net (fo=1, routed)           3.081     9.056    real_data_OBUF[4]
    P17                  OBUF (Prop_obuf_I_O)         2.813    11.869 r  real_data_OBUF[4]_inst/O
                         net (fo=0)                   0.000    11.869    real_data[4]
    P17                                                               r  real_data[4] (OUT)
  -------------------------------------------------------------------    -------------------

Slack:                    inf
  Source:                 <hidden>
                            (rising edge-triggered cell FDRE clocked by clk  {rise@0.000ns fall@5.000ns period=10.000ns})
  Destination:            real_data[6]
                            (output port)
  Path Group:             (none)
  Path Type:              Max at Slow Process Corner
  Data Path Delay:        6.348ns  (logic 3.262ns (51.390%)  route 3.086ns (48.610%))
  Logic Levels:           1  (OBUF=1)
  Clock Uncertainty:      0.025ns  ((TSJ^2 + TIJ^2)^1/2 + DJ) / 2 + PE
    Total System Jitter     (TSJ):    0.050ns
    Total Input Jitter      (TIJ):    0.000ns
    Discrete Jitter          (DJ):    0.000ns
    Phase Error              (PE):    0.000ns

    Location             Delay type                Incr(ns)  Path(ns)    Netlist Resource(s)
  -------------------------------------------------------------------    -------------------
                         (clock clk rise edge)        0.000     0.000 r  
    E3                                                0.000     0.000 r  clk (IN)
                         net (fo=0)                   0.000     0.000    clk
    E3                   IBUF (Prop_ibuf_I_O)         1.482     1.482 r  clk_IBUF_inst/O
                         net (fo=1, routed)           2.025     3.506    clk_IBUF
    BUFGCTRL_X0Y16       BUFG (Prop_bufg_I_O)         0.096     3.602 r  clk_IBUF_BUFG_inst/O
                         net (fo=5334, routed)        1.894     5.497    <hidden>
    SLICE_X6Y37          FDRE                                         r  <hidden>
  -------------------------------------------------------------------    -------------------
    SLICE_X6Y37          FDRE (Prop_fdre_C_Q)         0.478     5.975 r  <hidden>
                         net (fo=1, routed)           3.086     9.061    real_data_OBUF[6]
    N15                  OBUF (Prop_obuf_I_O)         2.784    11.845 r  real_data_OBUF[6]_inst/O
                         net (fo=0)                   0.000    11.845    real_data[6]
    N15                                                               r  real_data[6] (OUT)
  -------------------------------------------------------------------    -------------------





Min Delay Paths
--------------------------------------------------------------------------------------
Slack:                    inf
  Source:                 <hidden>
                            (rising edge-triggered cell FDRE clocked by clk  {rise@0.000ns fall@5.000ns period=10.000ns})
  Destination:            imag_data[0]
                            (output port)
  Path Group:             (none)
  Path Type:              Min at Fast Process Corner
  Data Path Delay:        1.937ns  (logic 1.326ns (68.452%)  route 0.611ns (31.548%))
  Logic Levels:           1  (OBUF=1)
  Clock Uncertainty:      0.025ns  ((TSJ^2 + TIJ^2)^1/2 + DJ) / 2 + PE
    Total System Jitter     (TSJ):    0.050ns
    Total Input Jitter      (TIJ):    0.000ns
    Discrete Jitter          (DJ):    0.000ns
    Phase Error              (PE):    0.000ns

    Location             Delay type                Incr(ns)  Path(ns)    Netlist Resource(s)
  -------------------------------------------------------------------    -------------------
                         (clock clk rise edge)        0.000     0.000 r  
    E3                                                0.000     0.000 r  clk (IN)
                         net (fo=0)                   0.000     0.000    clk
    E3                   IBUF (Prop_ibuf_I_O)         0.250     0.250 r  clk_IBUF_inst/O
                         net (fo=1, routed)           0.644     0.894    clk_IBUF
    BUFGCTRL_X0Y16       BUFG (Prop_bufg_I_O)         0.026     0.920 r  clk_IBUF_BUFG_inst/O
                         net (fo=5334, routed)        0.666     1.586    <hidden>
    SLICE_X2Y35          FDRE                                         r  <hidden>
  -------------------------------------------------------------------    -------------------
    SLICE_X2Y35          FDRE (Prop_fdre_C_Q)         0.164     1.750 r  <hidden>
                         net (fo=1, routed)           0.611     2.361    imag_data_OBUF[0]
    U14                  OBUF (Prop_obuf_I_O)         1.162     3.523 r  imag_data_OBUF[0]_inst/O
                         net (fo=0)                   0.000     3.523    imag_data[0]
    U14                                                               r  imag_data[0] (OUT)
  -------------------------------------------------------------------    -------------------

Slack:                    inf
  Source:                 <hidden>
                            (rising edge-triggered cell FDRE clocked by clk  {rise@0.000ns fall@5.000ns period=10.000ns})
  Destination:            imag_data[7]
                            (output port)
  Path Group:             (none)
  Path Type:              Min at Fast Process Corner
  Data Path Delay:        1.953ns  (logic 1.325ns (67.853%)  route 0.628ns (32.147%))
  Logic Levels:           1  (OBUF=1)
  Clock Uncertainty:      0.025ns  ((TSJ^2 + TIJ^2)^1/2 + DJ) / 2 + PE
    Total System Jitter     (TSJ):    0.050ns
    Total Input Jitter      (TIJ):    0.000ns
    Discrete Jitter          (DJ):    0.000ns
    Phase Error              (PE):    0.000ns

    Location             Delay type                Incr(ns)  Path(ns)    Netlist Resource(s)
  -------------------------------------------------------------------    -------------------
                         (clock clk rise edge)        0.000     0.000 r  
    E3                                                0.000     0.000 r  clk (IN)
                         net (fo=0)                   0.000     0.000    clk
    E3                   IBUF (Prop_ibuf_I_O)         0.250     0.250 r  clk_IBUF_inst/O
                         net (fo=1, routed)           0.644     0.894    clk_IBUF
    BUFGCTRL_X0Y16       BUFG (Prop_bufg_I_O)         0.026     0.920 r  clk_IBUF_BUFG_inst/O
                         net (fo=5334, routed)        0.665     1.585    <hidden>
    SLICE_X6Y35          FDRE                                         r  <hidden>
  -------------------------------------------------------------------    -------------------
    SLICE_X6Y35          FDRE (Prop_fdre_C_Q)         0.164     1.749 r  <hidden>
                         net (fo=1, routed)           0.628     2.377    imag_data_OBUF[7]
    V17                  OBUF (Prop_obuf_I_O)         1.161     3.538 r  imag_data_OBUF[7]_inst/O
                         net (fo=0)                   0.000     3.538    imag_data[7]
    V17                                                               r  imag_data[7] (OUT)
  -------------------------------------------------------------------    -------------------

Slack:                    inf
  Source:                 <hidden>
                            (rising edge-triggered cell FDRE clocked by clk  {rise@0.000ns fall@5.000ns period=10.000ns})
  Destination:            imag_data[1]
                            (output port)
  Path Group:             (none)
  Path Type:              Min at Fast Process Corner
  Data Path Delay:        1.971ns  (logic 1.342ns (68.099%)  route 0.629ns (31.901%))
  Logic Levels:           1  (OBUF=1)
  Clock Uncertainty:      0.025ns  ((TSJ^2 + TIJ^2)^1/2 + DJ) / 2 + PE
    Total System Jitter     (TSJ):    0.050ns
    Total Input Jitter      (TIJ):    0.000ns
    Discrete Jitter          (DJ):    0.000ns
    Phase Error              (PE):    0.000ns

    Location             Delay type                Incr(ns)  Path(ns)    Netlist Resource(s)
  -------------------------------------------------------------------    -------------------
                         (clock clk rise edge)        0.000     0.000 r  
    E3                                                0.000     0.000 r  clk (IN)
                         net (fo=0)                   0.000     0.000    clk
    E3                   IBUF (Prop_ibuf_I_O)         0.250     0.250 r  clk_IBUF_inst/O
                         net (fo=1, routed)           0.644     0.894    clk_IBUF
    BUFGCTRL_X0Y16       BUFG (Prop_bufg_I_O)         0.026     0.920 r  clk_IBUF_BUFG_inst/O
                         net (fo=5334, routed)        0.666     1.586    <hidden>
    SLICE_X2Y35          FDRE                                         r  <hidden>
  -------------------------------------------------------------------    -------------------
    SLICE_X2Y35          FDRE (Prop_fdre_C_Q)         0.164     1.750 r  <hidden>
                         net (fo=1, routed)           0.629     2.379    imag_data_OBUF[1]
    V11                  OBUF (Prop_obuf_I_O)         1.178     3.557 r  imag_data_OBUF[1]_inst/O
                         net (fo=0)                   0.000     3.557    imag_data[1]
    V11                                                               r  imag_data[1] (OUT)
  -------------------------------------------------------------------    -------------------

Slack:                    inf
  Source:                 <hidden>
                            (rising edge-triggered cell FDRE clocked by clk  {rise@0.000ns fall@5.000ns period=10.000ns})
  Destination:            imag_data[15]
                            (output port)
  Path Group:             (none)
  Path Type:              Min at Fast Process Corner
  Data Path Delay:        1.982ns  (logic 1.328ns (66.999%)  route 0.654ns (33.001%))
  Logic Levels:           1  (OBUF=1)
  Clock Uncertainty:      0.025ns  ((TSJ^2 + TIJ^2)^1/2 + DJ) / 2 + PE
    Total System Jitter     (TSJ):    0.050ns
    Total Input Jitter      (TIJ):    0.000ns
    Discrete Jitter          (DJ):    0.000ns
    Phase Error              (PE):    0.000ns

    Location             Delay type                Incr(ns)  Path(ns)    Netlist Resource(s)
  -------------------------------------------------------------------    -------------------
                         (clock clk rise edge)        0.000     0.000 r  
    E3                                                0.000     0.000 r  clk (IN)
                         net (fo=0)                   0.000     0.000    clk
    E3                   IBUF (Prop_ibuf_I_O)         0.250     0.250 r  clk_IBUF_inst/O
                         net (fo=1, routed)           0.644     0.894    clk_IBUF
    BUFGCTRL_X0Y16       BUFG (Prop_bufg_I_O)         0.026     0.920 r  clk_IBUF_BUFG_inst/O
                         net (fo=5334, routed)        0.667     1.587    <hidden>
    SLICE_X2Y37          FDRE                                         r  <hidden>
  -------------------------------------------------------------------    -------------------
    SLICE_X2Y37          FDRE (Prop_fdre_C_Q)         0.164     1.751 r  <hidden>
                         net (fo=1, routed)           0.654     2.405    imag_data_OBUF[15]
    T15                  OBUF (Prop_obuf_I_O)         1.164     3.569 r  imag_data_OBUF[15]_inst/O
                         net (fo=0)                   0.000     3.569    imag_data[15]
    T15                                                               r  imag_data[15] (OUT)
  -------------------------------------------------------------------    -------------------

Slack:                    inf
  Source:                 <hidden>
                            (rising edge-triggered cell FDRE clocked by clk  {rise@0.000ns fall@5.000ns period=10.000ns})
  Destination:            imag_data[4]
                            (output port)
  Path Group:             (none)
  Path Type:              Min at Fast Process Corner
  Data Path Delay:        1.992ns  (logic 1.390ns (69.753%)  route 0.603ns (30.247%))
  Logic Levels:           1  (OBUF=1)
  Clock Uncertainty:      0.025ns  ((TSJ^2 + TIJ^2)^1/2 + DJ) / 2 + PE
    Total System Jitter     (TSJ):    0.050ns
    Total Input Jitter      (TIJ):    0.000ns
    Discrete Jitter          (DJ):    0.000ns
    Phase Error              (PE):    0.000ns

    Location             Delay type                Incr(ns)  Path(ns)    Netlist Resource(s)
  -------------------------------------------------------------------    -------------------
                         (clock clk rise edge)        0.000     0.000 r  
    E3                                                0.000     0.000 r  clk (IN)
                         net (fo=0)                   0.000     0.000    clk
    E3                   IBUF (Prop_ibuf_I_O)         0.250     0.250 r  clk_IBUF_inst/O
                         net (fo=1, routed)           0.644     0.894    clk_IBUF
    BUFGCTRL_X0Y16       BUFG (Prop_bufg_I_O)         0.026     0.920 r  clk_IBUF_BUFG_inst/O
                         net (fo=5334, routed)        0.666     1.586    <hidden>
    SLICE_X2Y35          FDRE                                         r  <hidden>
  -------------------------------------------------------------------    -------------------
    SLICE_X2Y35          FDRE (Prop_fdre_C_Q)         0.148     1.734 r  <hidden>
                         net (fo=1, routed)           0.603     2.336    imag_data_OBUF[4]
    U12                  OBUF (Prop_obuf_I_O)         1.242     3.578 r  imag_data_OBUF[4]_inst/O
                         net (fo=0)                   0.000     3.578    imag_data[4]
    U12                                                               r  imag_data[4] (OUT)
  -------------------------------------------------------------------    -------------------

Slack:                    inf
  Source:                 <hidden>
                            (rising edge-triggered cell FDRE clocked by clk  {rise@0.000ns fall@5.000ns period=10.000ns})
  Destination:            imag_data[2]
                            (output port)
  Path Group:             (none)
  Path Type:              Min at Fast Process Corner
  Data Path Delay:        2.009ns  (logic 1.352ns (67.329%)  route 0.656ns (32.671%))
  Logic Levels:           1  (OBUF=1)
  Clock Uncertainty:      0.025ns  ((TSJ^2 + TIJ^2)^1/2 + DJ) / 2 + PE
    Total System Jitter     (TSJ):    0.050ns
    Total Input Jitter      (TIJ):    0.000ns
    Discrete Jitter          (DJ):    0.000ns
    Phase Error              (PE):    0.000ns

    Location             Delay type                Incr(ns)  Path(ns)    Netlist Resource(s)
  -------------------------------------------------------------------    -------------------
                         (clock clk rise edge)        0.000     0.000 r  
    E3                                                0.000     0.000 r  clk (IN)
                         net (fo=0)                   0.000     0.000    clk
    E3                   IBUF (Prop_ibuf_I_O)         0.250     0.250 r  clk_IBUF_inst/O
                         net (fo=1, routed)           0.644     0.894    clk_IBUF
    BUFGCTRL_X0Y16       BUFG (Prop_bufg_I_O)         0.026     0.920 r  clk_IBUF_BUFG_inst/O
                         net (fo=5334, routed)        0.666     1.586    <hidden>
    SLICE_X2Y35          FDRE                                         r  <hidden>
  -------------------------------------------------------------------    -------------------
    SLICE_X2Y35          FDRE (Prop_fdre_C_Q)         0.164     1.750 r  <hidden>
                         net (fo=1, routed)           0.656     2.406    imag_data_OBUF[2]
    V10                  OBUF (Prop_obuf_I_O)         1.188     3.594 r  imag_data_OBUF[2]_inst/O
                         net (fo=0)                   0.000     3.594    imag_data[2]
    V10                                                               r  imag_data[2] (OUT)
  -------------------------------------------------------------------    -------------------

Slack:                    inf
  Source:                 <hidden>
                            (rising edge-triggered cell FDRE clocked by clk  {rise@0.000ns fall@5.000ns period=10.000ns})
  Destination:            imag_data[13]
                            (output port)
  Path Group:             (none)
  Path Type:              Min at Fast Process Corner
  Data Path Delay:        2.059ns  (logic 1.342ns (65.180%)  route 0.717ns (34.820%))
  Logic Levels:           1  (OBUF=1)
  Clock Uncertainty:      0.025ns  ((TSJ^2 + TIJ^2)^1/2 + DJ) / 2 + PE
    Total System Jitter     (TSJ):    0.050ns
    Total Input Jitter      (TIJ):    0.000ns
    Discrete Jitter          (DJ):    0.000ns
    Phase Error              (PE):    0.000ns

    Location             Delay type                Incr(ns)  Path(ns)    Netlist Resource(s)
  -------------------------------------------------------------------    -------------------
                         (clock clk rise edge)        0.000     0.000 r  
    E3                                                0.000     0.000 r  clk (IN)
                         net (fo=0)                   0.000     0.000    clk
    E3                   IBUF (Prop_ibuf_I_O)         0.250     0.250 r  clk_IBUF_inst/O
                         net (fo=1, routed)           0.644     0.894    clk_IBUF
    BUFGCTRL_X0Y16       BUFG (Prop_bufg_I_O)         0.026     0.920 r  clk_IBUF_BUFG_inst/O
                         net (fo=5334, routed)        0.665     1.585    <hidden>
    SLICE_X6Y35          FDRE                                         r  <hidden>
  -------------------------------------------------------------------    -------------------
    SLICE_X6Y35          FDRE (Prop_fdre_C_Q)         0.148     1.733 r  <hidden>
                         net (fo=1, routed)           0.717     2.450    imag_data_OBUF[13]
    T16                  OBUF (Prop_obuf_I_O)         1.194     3.644 r  imag_data_OBUF[13]_inst/O
                         net (fo=0)                   0.000     3.644    imag_data[13]
    T16                                                               r  imag_data[13] (OUT)
  -------------------------------------------------------------------    -------------------

Slack:                    inf
  Source:                 <hidden>
                            (rising edge-triggered cell FDRE clocked by clk  {rise@0.000ns fall@5.000ns period=10.000ns})
  Destination:            imag_data[8]
                            (output port)
  Path Group:             (none)
  Path Type:              Min at Fast Process Corner
  Data Path Delay:        2.065ns  (logic 1.329ns (64.351%)  route 0.736ns (35.649%))
  Logic Levels:           1  (OBUF=1)
  Clock Uncertainty:      0.025ns  ((TSJ^2 + TIJ^2)^1/2 + DJ) / 2 + PE
    Total System Jitter     (TSJ):    0.050ns
    Total Input Jitter      (TIJ):    0.000ns
    Discrete Jitter          (DJ):    0.000ns
    Phase Error              (PE):    0.000ns

    Location             Delay type                Incr(ns)  Path(ns)    Netlist Resource(s)
  -------------------------------------------------------------------    -------------------
                         (clock clk rise edge)        0.000     0.000 r  
    E3                                                0.000     0.000 r  clk (IN)
                         net (fo=0)                   0.000     0.000    clk
    E3                   IBUF (Prop_ibuf_I_O)         0.250     0.250 r  clk_IBUF_inst/O
                         net (fo=1, routed)           0.644     0.894    clk_IBUF
    BUFGCTRL_X0Y16       BUFG (Prop_bufg_I_O)         0.026     0.920 r  clk_IBUF_BUFG_inst/O
                         net (fo=5334, routed)        0.665     1.585    <hidden>
    SLICE_X6Y35          FDRE                                         r  <hidden>
  -------------------------------------------------------------------    -------------------
    SLICE_X6Y35          FDRE (Prop_fdre_C_Q)         0.164     1.749 r  <hidden>
                         net (fo=1, routed)           0.736     2.485    imag_data_OBUF[8]
    U16                  OBUF (Prop_obuf_I_O)         1.165     3.650 r  imag_data_OBUF[8]_inst/O
                         net (fo=0)                   0.000     3.650    imag_data[8]
    U16                                                               r  imag_data[8] (OUT)
  -------------------------------------------------------------------    -------------------

Slack:                    inf
  Source:                 <hidden>
                            (rising edge-triggered cell FDRE clocked by clk  {rise@0.000ns fall@5.000ns period=10.000ns})
  Destination:            imag_data[5]
                            (output port)
  Path Group:             (none)
  Path Type:              Min at Fast Process Corner
  Data Path Delay:        2.068ns  (logic 1.375ns (66.503%)  route 0.693ns (33.497%))
  Logic Levels:           1  (OBUF=1)
  Clock Uncertainty:      0.025ns  ((TSJ^2 + TIJ^2)^1/2 + DJ) / 2 + PE
    Total System Jitter     (TSJ):    0.050ns
    Total Input Jitter      (TIJ):    0.000ns
    Discrete Jitter          (DJ):    0.000ns
    Phase Error              (PE):    0.000ns

    Location             Delay type                Incr(ns)  Path(ns)    Netlist Resource(s)
  -------------------------------------------------------------------    -------------------
                         (clock clk rise edge)        0.000     0.000 r  
    E3                                                0.000     0.000 r  clk (IN)
                         net (fo=0)                   0.000     0.000    clk
    E3                   IBUF (Prop_ibuf_I_O)         0.250     0.250 r  clk_IBUF_inst/O
                         net (fo=1, routed)           0.644     0.894    clk_IBUF
    BUFGCTRL_X0Y16       BUFG (Prop_bufg_I_O)         0.026     0.920 r  clk_IBUF_BUFG_inst/O
                         net (fo=5334, routed)        0.666     1.586    <hidden>
    SLICE_X2Y35          FDRE                                         r  <hidden>
  -------------------------------------------------------------------    -------------------
    SLICE_X2Y35          FDRE (Prop_fdre_C_Q)         0.148     1.734 r  <hidden>
                         net (fo=1, routed)           0.693     2.427    imag_data_OBUF[5]
    U11                  OBUF (Prop_obuf_I_O)         1.227     3.654 r  imag_data_OBUF[5]_inst/O
                         net (fo=0)                   0.000     3.654    imag_data[5]
    U11                                                               r  imag_data[5] (OUT)
  -------------------------------------------------------------------    -------------------

Slack:                    inf
  Source:                 <hidden>
                            (rising edge-triggered cell FDRE clocked by clk  {rise@0.000ns fall@5.000ns period=10.000ns})
  Destination:            real_data[7]
                            (output port)
  Path Group:             (none)
  Path Type:              Min at Fast Process Corner
  Data Path Delay:        2.069ns  (logic 1.296ns (62.653%)  route 0.773ns (37.347%))
  Logic Levels:           1  (OBUF=1)
  Clock Uncertainty:      0.025ns  ((TSJ^2 + TIJ^2)^1/2 + DJ) / 2 + PE
    Total System Jitter     (TSJ):    0.050ns
    Total Input Jitter      (TIJ):    0.000ns
    Discrete Jitter          (DJ):    0.000ns
    Phase Error              (PE):    0.000ns

    Location             Delay type                Incr(ns)  Path(ns)    Netlist Resource(s)
  -------------------------------------------------------------------    -------------------
                         (clock clk rise edge)        0.000     0.000 r  
    E3                                                0.000     0.000 r  clk (IN)
                         net (fo=0)                   0.000     0.000    clk
    E3                   IBUF (Prop_ibuf_I_O)         0.250     0.250 r  clk_IBUF_inst/O
                         net (fo=1, routed)           0.644     0.894    clk_IBUF
    BUFGCTRL_X0Y16       BUFG (Prop_bufg_I_O)         0.026     0.920 r  clk_IBUF_BUFG_inst/O
                         net (fo=5334, routed)        0.666     1.586    <hidden>
    SLICE_X2Y36          FDRE                                         r  <hidden>
  -------------------------------------------------------------------    -------------------
    SLICE_X2Y36          FDRE (Prop_fdre_C_Q)         0.164     1.750 r  <hidden>
                         net (fo=1, routed)           0.773     2.523    real_data_OBUF[7]
    M17                  OBUF (Prop_obuf_I_O)         1.132     3.655 r  real_data_OBUF[7]_inst/O
                         net (fo=0)                   0.000     3.655    real_data[7]
    M17                                                               r  real_data[7] (OUT)
  -------------------------------------------------------------------    -------------------





--------------------------------------------------------------------------------------
Path Group:  (none)
From Clock:  
  To Clock:  clk

Max Delay           243 Endpoints
Min Delay           243 Endpoints
--------------------------------------------------------------------------------------


Max Delay Paths
--------------------------------------------------------------------------------------
Slack:                    inf
  Source:                 n_rst
                            (input port)
  Destination:            <hidden>
                            (rising edge-triggered cell FDRE clocked by clk  {rise@0.000ns fall@5.000ns period=10.000ns})
  Path Group:             (none)
  Path Type:              Setup (Max at Slow Process Corner)
  Data Path Delay:        5.937ns  (logic 1.108ns (18.668%)  route 4.829ns (81.332%))
  Logic Levels:           2  (IBUF=1 LUT6=1)
  Clock Path Skew:        5.095ns (DCD - SCD + CPR)
    Destination Clock Delay (DCD):    5.095ns
    Source Clock Delay      (SCD):    0.000ns
    Clock Pessimism Removal (CPR):    0.000ns
  Clock Uncertainty:      0.025ns  ((TSJ^2 + TIJ^2)^1/2 + DJ) / 2 + PE
    Total System Jitter     (TSJ):    0.050ns
    Total Input Jitter      (TIJ):    0.000ns
    Discrete Jitter          (DJ):    0.000ns
    Phase Error              (PE):    0.000ns

    Location             Delay type                Incr(ns)  Path(ns)    Netlist Resource(s)
  -------------------------------------------------------------------    -------------------
    V14                                               0.000     0.000 r  n_rst (IN)
                         net (fo=0)                   0.000     0.000    n_rst
    V14                  IBUF (Prop_ibuf_I_O)         0.984     0.984 r  n_rst_IBUF_inst/O
                         net (fo=27, routed)          4.829     5.813    <hidden>
    SLICE_X40Y31         LUT6 (Prop_lut6_I0_O)        0.124     5.937 r  <hidden>
                         net (fo=1, routed)           0.000     5.937    <hidden>
    SLICE_X40Y31         FDRE                                         r  <hidden>
  -------------------------------------------------------------------    -------------------

                         (clock clk rise edge)        0.000     0.000 r  
    E3                                                0.000     0.000 r  clk (IN)
                         net (fo=0)                   0.000     0.000    clk
    E3                   IBUF (Prop_ibuf_I_O)         1.411     1.411 r  clk_IBUF_inst/O
                         net (fo=1, routed)           1.920     3.331    clk_IBUF
    BUFGCTRL_X0Y16       BUFG (Prop_bufg_I_O)         0.091     3.422 r  clk_IBUF_BUFG_inst/O
                         net (fo=5334, routed)        1.673     5.095    <hidden>
    SLICE_X40Y31         FDRE                                         r  <hidden>

Slack:                    inf
  Source:                 n_rst
                            (input port)
  Destination:            <hidden>
                            (rising edge-triggered cell FDRE clocked by clk  {rise@0.000ns fall@5.000ns period=10.000ns})
  Path Group:             (none)
  Path Type:              Setup (Max at Slow Process Corner)
  Data Path Delay:        5.454ns  (logic 1.108ns (20.320%)  route 4.346ns (79.680%))
  Logic Levels:           2  (IBUF=1 LUT6=1)
  Clock Path Skew:        5.100ns (DCD - SCD + CPR)
    Destination Clock Delay (DCD):    5.100ns
    Source Clock Delay      (SCD):    0.000ns
    Clock Pessimism Removal (CPR):    0.000ns
  Clock Uncertainty:      0.025ns  ((TSJ^2 + TIJ^2)^1/2 + DJ) / 2 + PE
    Total System Jitter     (TSJ):    0.050ns
    Total Input Jitter      (TIJ):    0.000ns
    Discrete Jitter          (DJ):    0.000ns
    Phase Error              (PE):    0.000ns

    Location             Delay type                Incr(ns)  Path(ns)    Netlist Resource(s)
  -------------------------------------------------------------------    -------------------
    V14                                               0.000     0.000 r  n_rst (IN)
                         net (fo=0)                   0.000     0.000    n_rst
    V14                  IBUF (Prop_ibuf_I_O)         0.984     0.984 r  n_rst_IBUF_inst/O
                         net (fo=27, routed)          4.346     5.330    <hidden>
    SLICE_X40Y35         LUT6 (Prop_lut6_I0_O)        0.124     5.454 r  <hidden>
                         net (fo=1, routed)           0.000     5.454    <hidden>
    SLICE_X40Y35         FDRE                                         r  <hidden>
  -------------------------------------------------------------------    -------------------

                         (clock clk rise edge)        0.000     0.000 r  
    E3                                                0.000     0.000 r  clk (IN)
                         net (fo=0)                   0.000     0.000    clk
    E3                   IBUF (Prop_ibuf_I_O)         1.411     1.411 r  clk_IBUF_inst/O
                         net (fo=1, routed)           1.920     3.331    clk_IBUF
    BUFGCTRL_X0Y16       BUFG (Prop_bufg_I_O)         0.091     3.422 r  clk_IBUF_BUFG_inst/O
                         net (fo=5334, routed)        1.678     5.100    <hidden>
    SLICE_X40Y35         FDRE                                         r  <hidden>

Slack:                    inf
  Source:                 n_rst
                            (input port)
  Destination:            <hidden>
                            (rising edge-triggered cell FDRE clocked by clk  {rise@0.000ns fall@5.000ns period=10.000ns})
  Path Group:             (none)
  Path Type:              Setup (Max at Slow Process Corner)
  Data Path Delay:        5.452ns  (logic 1.108ns (20.330%)  route 4.343ns (79.670%))
  Logic Levels:           2  (IBUF=1 LUT6=1)
  Clock Path Skew:        5.100ns (DCD - SCD + CPR)
    Destination Clock Delay (DCD):    5.100ns
    Source Clock Delay      (SCD):    0.000ns
    Clock Pessimism Removal (CPR):    0.000ns
  Clock Uncertainty:      0.025ns  ((TSJ^2 + TIJ^2)^1/2 + DJ) / 2 + PE
    Total System Jitter     (TSJ):    0.050ns
    Total Input Jitter      (TIJ):    0.000ns
    Discrete Jitter          (DJ):    0.000ns
    Phase Error              (PE):    0.000ns

    Location             Delay type                Incr(ns)  Path(ns)    Netlist Resource(s)
  -------------------------------------------------------------------    -------------------
    V14                                               0.000     0.000 r  n_rst (IN)
                         net (fo=0)                   0.000     0.000    n_rst
    V14                  IBUF (Prop_ibuf_I_O)         0.984     0.984 r  n_rst_IBUF_inst/O
                         net (fo=27, routed)          4.343     5.328    <hidden>
    SLICE_X40Y35         LUT6 (Prop_lut6_I0_O)        0.124     5.452 r  <hidden>
                         net (fo=1, routed)           0.000     5.452    <hidden>
    SLICE_X40Y35         FDRE                                         r  <hidden>
  -------------------------------------------------------------------    -------------------

                         (clock clk rise edge)        0.000     0.000 r  
    E3                                                0.000     0.000 r  clk (IN)
                         net (fo=0)                   0.000     0.000    clk
    E3                   IBUF (Prop_ibuf_I_O)         1.411     1.411 r  clk_IBUF_inst/O
                         net (fo=1, routed)           1.920     3.331    clk_IBUF
    BUFGCTRL_X0Y16       BUFG (Prop_bufg_I_O)         0.091     3.422 r  clk_IBUF_BUFG_inst/O
                         net (fo=5334, routed)        1.678     5.100    <hidden>
    SLICE_X40Y35         FDRE                                         r  <hidden>

Slack:                    inf
  Source:                 n_rst
                            (input port)
  Destination:            <hidden>
                            (rising edge-triggered cell FDRE clocked by clk  {rise@0.000ns fall@5.000ns period=10.000ns})
  Path Group:             (none)
  Path Type:              Setup (Max at Slow Process Corner)
  Data Path Delay:        5.419ns  (logic 1.108ns (20.451%)  route 4.311ns (79.549%))
  Logic Levels:           2  (IBUF=1 LUT6=1)
  Clock Path Skew:        5.104ns (DCD - SCD + CPR)
    Destination Clock Delay (DCD):    5.104ns
    Source Clock Delay      (SCD):    0.000ns
    Clock Pessimism Removal (CPR):    0.000ns
  Clock Uncertainty:      0.025ns  ((TSJ^2 + TIJ^2)^1/2 + DJ) / 2 + PE
    Total System Jitter     (TSJ):    0.050ns
    Total Input Jitter      (TIJ):    0.000ns
    Discrete Jitter          (DJ):    0.000ns
    Phase Error              (PE):    0.000ns

    Location             Delay type                Incr(ns)  Path(ns)    Netlist Resource(s)
  -------------------------------------------------------------------    -------------------
    V14                                               0.000     0.000 r  n_rst (IN)
                         net (fo=0)                   0.000     0.000    n_rst
    V14                  IBUF (Prop_ibuf_I_O)         0.984     0.984 r  n_rst_IBUF_inst/O
                         net (fo=27, routed)          4.311     5.295    <hidden>
    SLICE_X40Y42         LUT6 (Prop_lut6_I0_O)        0.124     5.419 r  <hidden>
                         net (fo=1, routed)           0.000     5.419    <hidden>
    SLICE_X40Y42         FDRE                                         r  <hidden>
  -------------------------------------------------------------------    -------------------

                         (clock clk rise edge)        0.000     0.000 r  
    E3                                                0.000     0.000 r  clk (IN)
                         net (fo=0)                   0.000     0.000    clk
    E3                   IBUF (Prop_ibuf_I_O)         1.411     1.411 r  clk_IBUF_inst/O
                         net (fo=1, routed)           1.920     3.331    clk_IBUF
    BUFGCTRL_X0Y16       BUFG (Prop_bufg_I_O)         0.091     3.422 r  clk_IBUF_BUFG_inst/O
                         net (fo=5334, routed)        1.682     5.104    <hidden>
    SLICE_X40Y42         FDRE                                         r  <hidden>

Slack:                    inf
  Source:                 n_rst
                            (input port)
  Destination:            <hidden>
                            (rising edge-triggered cell FDRE clocked by clk  {rise@0.000ns fall@5.000ns period=10.000ns})
  Path Group:             (none)
  Path Type:              Setup (Max at Slow Process Corner)
  Data Path Delay:        5.262ns  (logic 1.108ns (21.062%)  route 4.154ns (78.938%))
  Logic Levels:           2  (IBUF=1 LUT6=1)
  Clock Path Skew:        5.108ns (DCD - SCD + CPR)
    Destination Clock Delay (DCD):    5.108ns
    Source Clock Delay      (SCD):    0.000ns
    Clock Pessimism Removal (CPR):    0.000ns
  Clock Uncertainty:      0.025ns  ((TSJ^2 + TIJ^2)^1/2 + DJ) / 2 + PE
    Total System Jitter     (TSJ):    0.050ns
    Total Input Jitter      (TIJ):    0.000ns
    Discrete Jitter          (DJ):    0.000ns
    Phase Error              (PE):    0.000ns

    Location             Delay type                Incr(ns)  Path(ns)    Netlist Resource(s)
  -------------------------------------------------------------------    -------------------
    V14                                               0.000     0.000 r  n_rst (IN)
                         net (fo=0)                   0.000     0.000    n_rst
    V14                  IBUF (Prop_ibuf_I_O)         0.984     0.984 r  n_rst_IBUF_inst/O
                         net (fo=27, routed)          3.543     4.527    <hidden>
    SLICE_X31Y45         LUT6 (Prop_lut6_I0_O)        0.124     4.651 r  <hidden>
                         net (fo=1, routed)           0.611     5.262    <hidden>
    SLICE_X31Y45         FDRE                                         r  <hidden>
  -------------------------------------------------------------------    -------------------

                         (clock clk rise edge)        0.000     0.000 r  
    E3                                                0.000     0.000 r  clk (IN)
                         net (fo=0)                   0.000     0.000    clk
    E3                   IBUF (Prop_ibuf_I_O)         1.411     1.411 r  clk_IBUF_inst/O
                         net (fo=1, routed)           1.920     3.331    clk_IBUF
    BUFGCTRL_X0Y16       BUFG (Prop_bufg_I_O)         0.091     3.422 r  clk_IBUF_BUFG_inst/O
                         net (fo=5334, routed)        1.686     5.108    <hidden>
    SLICE_X31Y45         FDRE                                         r  <hidden>

Slack:                    inf
  Source:                 size[0]
                            (input port)
  Destination:            <hidden>
                            (rising edge-triggered cell FDCE clocked by clk  {rise@0.000ns fall@5.000ns period=10.000ns})
  Path Group:             (none)
  Path Type:              Setup (Max at Slow Process Corner)
  Data Path Delay:        4.880ns  (logic 1.358ns (27.819%)  route 3.523ns (72.181%))
  Logic Levels:           4  (IBUF=1 LUT6=3)
  Clock Path Skew:        4.945ns (DCD - SCD + CPR)
    Destination Clock Delay (DCD):    4.945ns
    Source Clock Delay      (SCD):    0.000ns
    Clock Pessimism Removal (CPR):    0.000ns
  Clock Uncertainty:      0.025ns  ((TSJ^2 + TIJ^2)^1/2 + DJ) / 2 + PE
    Total System Jitter     (TSJ):    0.050ns
    Total Input Jitter      (TIJ):    0.000ns
    Discrete Jitter          (DJ):    0.000ns
    Phase Error              (PE):    0.000ns

    Location             Delay type                Incr(ns)  Path(ns)    Netlist Resource(s)
  -------------------------------------------------------------------    -------------------
    R10                                               0.000     0.000 r  size[0] (IN)
                         net (fo=0)                   0.000     0.000    size[0]
    R10                  IBUF (Prop_ibuf_I_O)         0.986     0.986 r  size_IBUF[0]_inst/O
                         net (fo=4, routed)           2.038     3.024    map/sym_count/size_IBUF[0]
    SLICE_X8Y61          LUT6 (Prop_lut6_I4_O)        0.124     3.148 f  map/sym_count/count_out[9]_i_5/O
                         net (fo=3, routed)           0.474     3.621    map/sym_count/count_out[9]_i_5_n_0
    SLICE_X9Y61          LUT6 (Prop_lut6_I3_O)        0.124     3.745 r  map/sym_count/count_out[9]_i_4/O
                         net (fo=5, routed)           0.351     4.097    map/cnt/count_out_reg[0]_0
    SLICE_X10Y61         LUT6 (Prop_lut6_I0_O)        0.124     4.221 r  map/cnt/count_out[9]_i_1/O
                         net (fo=10, routed)          0.660     4.880    <hidden>
    SLICE_X12Y59         FDCE                                         r  <hidden>
  -------------------------------------------------------------------    -------------------

                         (clock clk rise edge)        0.000     0.000 r  
    E3                                                0.000     0.000 r  clk (IN)
                         net (fo=0)                   0.000     0.000    clk
    E3                   IBUF (Prop_ibuf_I_O)         1.411     1.411 r  clk_IBUF_inst/O
                         net (fo=1, routed)           1.920     3.331    clk_IBUF
    BUFGCTRL_X0Y16       BUFG (Prop_bufg_I_O)         0.091     3.422 r  clk_IBUF_BUFG_inst/O
                         net (fo=5334, routed)        1.522     4.945    <hidden>
    SLICE_X12Y59         FDCE                                         r  <hidden>

Slack:                    inf
  Source:                 size[0]
                            (input port)
  Destination:            map/cnt/count_out_reg[8]/R
                            (rising edge-triggered cell FDRE clocked by clk  {rise@0.000ns fall@5.000ns period=10.000ns})
  Path Group:             (none)
  Path Type:              Setup (Max at Slow Process Corner)
  Data Path Delay:        4.878ns  (logic 1.358ns (27.835%)  route 3.520ns (72.165%))
  Logic Levels:           4  (IBUF=1 LUT6=3)
  Clock Path Skew:        4.947ns (DCD - SCD + CPR)
    Destination Clock Delay (DCD):    4.947ns
    Source Clock Delay      (SCD):    0.000ns
    Clock Pessimism Removal (CPR):    0.000ns
  Clock Uncertainty:      0.025ns  ((TSJ^2 + TIJ^2)^1/2 + DJ) / 2 + PE
    Total System Jitter     (TSJ):    0.050ns
    Total Input Jitter      (TIJ):    0.000ns
    Discrete Jitter          (DJ):    0.000ns
    Phase Error              (PE):    0.000ns

    Location             Delay type                Incr(ns)  Path(ns)    Netlist Resource(s)
  -------------------------------------------------------------------    -------------------
    R10                                               0.000     0.000 r  size[0] (IN)
                         net (fo=0)                   0.000     0.000    size[0]
    R10                  IBUF (Prop_ibuf_I_O)         0.986     0.986 r  size_IBUF[0]_inst/O
                         net (fo=4, routed)           2.038     3.024    map/sym_count/size_IBUF[0]
    SLICE_X8Y61          LUT6 (Prop_lut6_I4_O)        0.124     3.148 f  map/sym_count/count_out[9]_i_5/O
                         net (fo=3, routed)           0.474     3.621    map/sym_count/count_out[9]_i_5_n_0
    SLICE_X9Y61          LUT6 (Prop_lut6_I3_O)        0.124     3.745 r  map/sym_count/count_out[9]_i_4/O
                         net (fo=5, routed)           0.351     4.097    map/cnt/count_out_reg[0]_0
    SLICE_X10Y61         LUT6 (Prop_lut6_I0_O)        0.124     4.221 r  map/cnt/count_out[9]_i_1/O
                         net (fo=10, routed)          0.657     4.878    map/cnt/count_out[7]
    SLICE_X11Y61         FDRE                                         r  map/cnt/count_out_reg[8]/R
  -------------------------------------------------------------------    -------------------

                         (clock clk rise edge)        0.000     0.000 r  
    E3                                                0.000     0.000 r  clk (IN)
                         net (fo=0)                   0.000     0.000    clk
    E3                   IBUF (Prop_ibuf_I_O)         1.411     1.411 r  clk_IBUF_inst/O
                         net (fo=1, routed)           1.920     3.331    clk_IBUF
    BUFGCTRL_X0Y16       BUFG (Prop_bufg_I_O)         0.091     3.422 r  clk_IBUF_BUFG_inst/O
                         net (fo=5334, routed)        1.524     4.947    map/cnt/CLK
    SLICE_X11Y61         FDRE                                         r  map/cnt/count_out_reg[8]/C

Slack:                    inf
  Source:                 size[0]
                            (input port)
  Destination:            map/cnt/count_out_reg[9]/R
                            (rising edge-triggered cell FDRE clocked by clk  {rise@0.000ns fall@5.000ns period=10.000ns})
  Path Group:             (none)
  Path Type:              Setup (Max at Slow Process Corner)
  Data Path Delay:        4.878ns  (logic 1.358ns (27.835%)  route 3.520ns (72.165%))
  Logic Levels:           4  (IBUF=1 LUT6=3)
  Clock Path Skew:        4.947ns (DCD - SCD + CPR)
    Destination Clock Delay (DCD):    4.947ns
    Source Clock Delay      (SCD):    0.000ns
    Clock Pessimism Removal (CPR):    0.000ns
  Clock Uncertainty:      0.025ns  ((TSJ^2 + TIJ^2)^1/2 + DJ) / 2 + PE
    Total System Jitter     (TSJ):    0.050ns
    Total Input Jitter      (TIJ):    0.000ns
    Discrete Jitter          (DJ):    0.000ns
    Phase Error              (PE):    0.000ns

    Location             Delay type                Incr(ns)  Path(ns)    Netlist Resource(s)
  -------------------------------------------------------------------    -------------------
    R10                                               0.000     0.000 r  size[0] (IN)
                         net (fo=0)                   0.000     0.000    size[0]
    R10                  IBUF (Prop_ibuf_I_O)         0.986     0.986 r  size_IBUF[0]_inst/O
                         net (fo=4, routed)           2.038     3.024    map/sym_count/size_IBUF[0]
    SLICE_X8Y61          LUT6 (Prop_lut6_I4_O)        0.124     3.148 f  map/sym_count/count_out[9]_i_5/O
                         net (fo=3, routed)           0.474     3.621    map/sym_count/count_out[9]_i_5_n_0
    SLICE_X9Y61          LUT6 (Prop_lut6_I3_O)        0.124     3.745 r  map/sym_count/count_out[9]_i_4/O
                         net (fo=5, routed)           0.351     4.097    map/cnt/count_out_reg[0]_0
    SLICE_X10Y61         LUT6 (Prop_lut6_I0_O)        0.124     4.221 r  map/cnt/count_out[9]_i_1/O
                         net (fo=10, routed)          0.657     4.878    map/cnt/count_out[7]
    SLICE_X11Y61         FDRE                                         r  map/cnt/count_out_reg[9]/R
  -------------------------------------------------------------------    -------------------

                         (clock clk rise edge)        0.000     0.000 r  
    E3                                                0.000     0.000 r  clk (IN)
                         net (fo=0)                   0.000     0.000    clk
    E3                   IBUF (Prop_ibuf_I_O)         1.411     1.411 r  clk_IBUF_inst/O
                         net (fo=1, routed)           1.920     3.331    clk_IBUF
    BUFGCTRL_X0Y16       BUFG (Prop_bufg_I_O)         0.091     3.422 r  clk_IBUF_BUFG_inst/O
                         net (fo=5334, routed)        1.524     4.947    map/cnt/CLK
    SLICE_X11Y61         FDRE                                         r  map/cnt/count_out_reg[9]/C

Slack:                    inf
  Source:                 n_rst
                            (input port)
  Destination:            <hidden>
                            (rising edge-triggered cell FDRE clocked by clk  {rise@0.000ns fall@5.000ns period=10.000ns})
  Path Group:             (none)
  Path Type:              Setup (Max at Slow Process Corner)
  Data Path Delay:        4.876ns  (logic 1.108ns (22.729%)  route 3.768ns (77.271%))
  Logic Levels:           2  (IBUF=1 LUT6=1)
  Clock Path Skew:        5.108ns (DCD - SCD + CPR)
    Destination Clock Delay (DCD):    5.108ns
    Source Clock Delay      (SCD):    0.000ns
    Clock Pessimism Removal (CPR):    0.000ns
  Clock Uncertainty:      0.025ns  ((TSJ^2 + TIJ^2)^1/2 + DJ) / 2 + PE
    Total System Jitter     (TSJ):    0.050ns
    Total Input Jitter      (TIJ):    0.000ns
    Discrete Jitter          (DJ):    0.000ns
    Phase Error              (PE):    0.000ns

    Location             Delay type                Incr(ns)  Path(ns)    Netlist Resource(s)
  -------------------------------------------------------------------    -------------------
    V14                                               0.000     0.000 r  n_rst (IN)
                         net (fo=0)                   0.000     0.000    n_rst
    V14                  IBUF (Prop_ibuf_I_O)         0.984     0.984 r  n_rst_IBUF_inst/O
                         net (fo=27, routed)          3.768     4.752    <hidden>
    SLICE_X31Y45         LUT6 (Prop_lut6_I0_O)        0.124     4.876 r  <hidden>
                         net (fo=1, routed)           0.000     4.876    <hidden>
    SLICE_X31Y45         FDRE                                         r  <hidden>
  -------------------------------------------------------------------    -------------------

                         (clock clk rise edge)        0.000     0.000 r  
    E3                                                0.000     0.000 r  clk (IN)
                         net (fo=0)                   0.000     0.000    clk
    E3                   IBUF (Prop_ibuf_I_O)         1.411     1.411 r  clk_IBUF_inst/O
                         net (fo=1, routed)           1.920     3.331    clk_IBUF
    BUFGCTRL_X0Y16       BUFG (Prop_bufg_I_O)         0.091     3.422 r  clk_IBUF_BUFG_inst/O
                         net (fo=5334, routed)        1.686     5.108    <hidden>
    SLICE_X31Y45         FDRE                                         r  <hidden>

Slack:                    inf
  Source:                 size[0]
                            (input port)
  Destination:            map/cnt/count_out_reg[3]/R
                            (rising edge-triggered cell FDRE clocked by clk  {rise@0.000ns fall@5.000ns period=10.000ns})
  Path Group:             (none)
  Path Type:              Setup (Max at Slow Process Corner)
  Data Path Delay:        4.734ns  (logic 1.358ns (28.678%)  route 3.376ns (71.322%))
  Logic Levels:           4  (IBUF=1 LUT6=3)
  Clock Path Skew:        4.948ns (DCD - SCD + CPR)
    Destination Clock Delay (DCD):    4.948ns
    Source Clock Delay      (SCD):    0.000ns
    Clock Pessimism Removal (CPR):    0.000ns
  Clock Uncertainty:      0.025ns  ((TSJ^2 + TIJ^2)^1/2 + DJ) / 2 + PE
    Total System Jitter     (TSJ):    0.050ns
    Total Input Jitter      (TIJ):    0.000ns
    Discrete Jitter          (DJ):    0.000ns
    Phase Error              (PE):    0.000ns

    Location             Delay type                Incr(ns)  Path(ns)    Netlist Resource(s)
  -------------------------------------------------------------------    -------------------
    R10                                               0.000     0.000 r  size[0] (IN)
                         net (fo=0)                   0.000     0.000    size[0]
    R10                  IBUF (Prop_ibuf_I_O)         0.986     0.986 r  size_IBUF[0]_inst/O
                         net (fo=4, routed)           2.038     3.024    map/sym_count/size_IBUF[0]
    SLICE_X8Y61          LUT6 (Prop_lut6_I4_O)        0.124     3.148 f  map/sym_count/count_out[9]_i_5/O
                         net (fo=3, routed)           0.474     3.621    map/sym_count/count_out[9]_i_5_n_0
    SLICE_X9Y61          LUT6 (Prop_lut6_I3_O)        0.124     3.745 r  map/sym_count/count_out[9]_i_4/O
                         net (fo=5, routed)           0.351     4.097    map/cnt/count_out_reg[0]_0
    SLICE_X10Y61         LUT6 (Prop_lut6_I0_O)        0.124     4.221 r  map/cnt/count_out[9]_i_1/O
                         net (fo=10, routed)          0.513     4.734    map/cnt/count_out[7]
    SLICE_X11Y59         FDRE                                         r  map/cnt/count_out_reg[3]/R
  -------------------------------------------------------------------    -------------------

                         (clock clk rise edge)        0.000     0.000 r  
    E3                                                0.000     0.000 r  clk (IN)
                         net (fo=0)                   0.000     0.000    clk
    E3                   IBUF (Prop_ibuf_I_O)         1.411     1.411 r  clk_IBUF_inst/O
                         net (fo=1, routed)           1.920     3.331    clk_IBUF
    BUFGCTRL_X0Y16       BUFG (Prop_bufg_I_O)         0.091     3.422 r  clk_IBUF_BUFG_inst/O
                         net (fo=5334, routed)        1.525     4.948    map/cnt/CLK
    SLICE_X11Y59         FDRE                                         r  map/cnt/count_out_reg[3]/C





Min Delay Paths
--------------------------------------------------------------------------------------
Slack:                    inf
  Source:                 <hidden>
                            (internal pin)
  Destination:            <hidden>
                            (rising edge-triggered cell DSP48E1 clocked by clk  {rise@0.000ns fall@5.000ns period=10.000ns})
  Path Group:             (none)
  Path Type:              Hold (Min at Slow Process Corner)
  Data Path Delay:        0.002ns  (logic 0.000ns (0.000%)  route 0.002ns (100.000%))
  Logic Levels:           0  
  Clock Uncertainty:      0.025ns  ((TSJ^2 + TIJ^2)^1/2 + DJ) / 2 + PE
    Total System Jitter     (TSJ):    0.050ns
    Total Input Jitter      (TIJ):    0.000ns
    Discrete Jitter          (DJ):    0.000ns
    Phase Error              (PE):    0.000ns

    Location             Delay type                Incr(ns)  Path(ns)    Netlist Resource(s)
  -------------------------------------------------------------------    -------------------
    DSP48_X0Y22          DSP48E1                      0.000     0.000 r  <hidden>
                         net (fo=1, routed)           0.002     0.002    <hidden>
    DSP48_X0Y23          DSP48E1                                      r  <hidden>
  -------------------------------------------------------------------    -------------------

                         (clock clk rise edge)        0.000     0.000 r  
    E3                                                0.000     0.000 r  clk (IN)
                         net (fo=0)                   0.000     0.000    clk
    E3                   IBUF (Prop_ibuf_I_O)         1.482     1.482 r  clk_IBUF_inst/O
                         net (fo=1, routed)           2.025     3.506    clk_IBUF
    BUFGCTRL_X0Y16       BUFG (Prop_bufg_I_O)         0.096     3.602 r  clk_IBUF_BUFG_inst/O
                         net (fo=5334, routed)        1.736     5.338    <hidden>
    DSP48_X0Y23          DSP48E1                                      r  <hidden>

Slack:                    inf
  Source:                 <hidden>
                            (internal pin)
  Destination:            <hidden>
                            (rising edge-triggered cell DSP48E1 clocked by clk  {rise@0.000ns fall@5.000ns period=10.000ns})
  Path Group:             (none)
  Path Type:              Hold (Min at Slow Process Corner)
  Data Path Delay:        0.002ns  (logic 0.000ns (0.000%)  route 0.002ns (100.000%))
  Logic Levels:           0  
  Clock Uncertainty:      0.025ns  ((TSJ^2 + TIJ^2)^1/2 + DJ) / 2 + PE
    Total System Jitter     (TSJ):    0.050ns
    Total Input Jitter      (TIJ):    0.000ns
    Discrete Jitter          (DJ):    0.000ns
    Phase Error              (PE):    0.000ns

    Location             Delay type                Incr(ns)  Path(ns)    Netlist Resource(s)
  -------------------------------------------------------------------    -------------------
    DSP48_X0Y22          DSP48E1                      0.000     0.000 r  <hidden>
                         net (fo=1, routed)           0.002     0.002    <hidden>
    DSP48_X0Y23          DSP48E1                                      r  <hidden>
  -------------------------------------------------------------------    -------------------

                         (clock clk rise edge)        0.000     0.000 r  
    E3                                                0.000     0.000 r  clk (IN)
                         net (fo=0)                   0.000     0.000    clk
    E3                   IBUF (Prop_ibuf_I_O)         1.482     1.482 r  clk_IBUF_inst/O
                         net (fo=1, routed)           2.025     3.506    clk_IBUF
    BUFGCTRL_X0Y16       BUFG (Prop_bufg_I_O)         0.096     3.602 r  clk_IBUF_BUFG_inst/O
                         net (fo=5334, routed)        1.736     5.338    <hidden>
    DSP48_X0Y23          DSP48E1                                      r  <hidden>

Slack:                    inf
  Source:                 <hidden>
                            (internal pin)
  Destination:            <hidden>
                            (rising edge-triggered cell DSP48E1 clocked by clk  {rise@0.000ns fall@5.000ns period=10.000ns})
  Path Group:             (none)
  Path Type:              Hold (Min at Slow Process Corner)
  Data Path Delay:        0.002ns  (logic 0.000ns (0.000%)  route 0.002ns (100.000%))
  Logic Levels:           0  
  Clock Uncertainty:      0.025ns  ((TSJ^2 + TIJ^2)^1/2 + DJ) / 2 + PE
    Total System Jitter     (TSJ):    0.050ns
    Total Input Jitter      (TIJ):    0.000ns
    Discrete Jitter          (DJ):    0.000ns
    Phase Error              (PE):    0.000ns

    Location             Delay type                Incr(ns)  Path(ns)    Netlist Resource(s)
  -------------------------------------------------------------------    -------------------
    DSP48_X0Y22          DSP48E1                      0.000     0.000 r  <hidden>
                         net (fo=1, routed)           0.002     0.002    <hidden>
    DSP48_X0Y23          DSP48E1                                      r  <hidden>
  -------------------------------------------------------------------    -------------------

                         (clock clk rise edge)        0.000     0.000 r  
    E3                                                0.000     0.000 r  clk (IN)
                         net (fo=0)                   0.000     0.000    clk
    E3                   IBUF (Prop_ibuf_I_O)         1.482     1.482 r  clk_IBUF_inst/O
                         net (fo=1, routed)           2.025     3.506    clk_IBUF
    BUFGCTRL_X0Y16       BUFG (Prop_bufg_I_O)         0.096     3.602 r  clk_IBUF_BUFG_inst/O
                         net (fo=5334, routed)        1.736     5.338    <hidden>
    DSP48_X0Y23          DSP48E1                                      r  <hidden>

Slack:                    inf
  Source:                 <hidden>
                            (internal pin)
  Destination:            <hidden>
                            (rising edge-triggered cell DSP48E1 clocked by clk  {rise@0.000ns fall@5.000ns period=10.000ns})
  Path Group:             (none)
  Path Type:              Hold (Min at Slow Process Corner)
  Data Path Delay:        0.002ns  (logic 0.000ns (0.000%)  route 0.002ns (100.000%))
  Logic Levels:           0  
  Clock Uncertainty:      0.025ns  ((TSJ^2 + TIJ^2)^1/2 + DJ) / 2 + PE
    Total System Jitter     (TSJ):    0.050ns
    Total Input Jitter      (TIJ):    0.000ns
    Discrete Jitter          (DJ):    0.000ns
    Phase Error              (PE):    0.000ns

    Location             Delay type                Incr(ns)  Path(ns)    Netlist Resource(s)
  -------------------------------------------------------------------    -------------------
    DSP48_X0Y22          DSP48E1                      0.000     0.000 r  <hidden>
                         net (fo=1, routed)           0.002     0.002    <hidden>
    DSP48_X0Y23          DSP48E1                                      r  <hidden>
  -------------------------------------------------------------------    -------------------

                         (clock clk rise edge)        0.000     0.000 r  
    E3                                                0.000     0.000 r  clk (IN)
                         net (fo=0)                   0.000     0.000    clk
    E3                   IBUF (Prop_ibuf_I_O)         1.482     1.482 r  clk_IBUF_inst/O
                         net (fo=1, routed)           2.025     3.506    clk_IBUF
    BUFGCTRL_X0Y16       BUFG (Prop_bufg_I_O)         0.096     3.602 r  clk_IBUF_BUFG_inst/O
                         net (fo=5334, routed)        1.736     5.338    <hidden>
    DSP48_X0Y23          DSP48E1                                      r  <hidden>

Slack:                    inf
  Source:                 <hidden>
                            (internal pin)
  Destination:            <hidden>
                            (rising edge-triggered cell DSP48E1 clocked by clk  {rise@0.000ns fall@5.000ns period=10.000ns})
  Path Group:             (none)
  Path Type:              Hold (Min at Slow Process Corner)
  Data Path Delay:        0.002ns  (logic 0.000ns (0.000%)  route 0.002ns (100.000%))
  Logic Levels:           0  
  Clock Uncertainty:      0.025ns  ((TSJ^2 + TIJ^2)^1/2 + DJ) / 2 + PE
    Total System Jitter     (TSJ):    0.050ns
    Total Input Jitter      (TIJ):    0.000ns
    Discrete Jitter          (DJ):    0.000ns
    Phase Error              (PE):    0.000ns

    Location             Delay type                Incr(ns)  Path(ns)    Netlist Resource(s)
  -------------------------------------------------------------------    -------------------
    DSP48_X0Y22          DSP48E1                      0.000     0.000 r  <hidden>
                         net (fo=1, routed)           0.002     0.002    <hidden>
    DSP48_X0Y23          DSP48E1                                      r  <hidden>
  -------------------------------------------------------------------    -------------------

                         (clock clk rise edge)        0.000     0.000 r  
    E3                                                0.000     0.000 r  clk (IN)
                         net (fo=0)                   0.000     0.000    clk
    E3                   IBUF (Prop_ibuf_I_O)         1.482     1.482 r  clk_IBUF_inst/O
                         net (fo=1, routed)           2.025     3.506    clk_IBUF
    BUFGCTRL_X0Y16       BUFG (Prop_bufg_I_O)         0.096     3.602 r  clk_IBUF_BUFG_inst/O
                         net (fo=5334, routed)        1.736     5.338    <hidden>
    DSP48_X0Y23          DSP48E1                                      r  <hidden>

Slack:                    inf
  Source:                 <hidden>
                            (internal pin)
  Destination:            <hidden>
                            (rising edge-triggered cell DSP48E1 clocked by clk  {rise@0.000ns fall@5.000ns period=10.000ns})
  Path Group:             (none)
  Path Type:              Hold (Min at Slow Process Corner)
  Data Path Delay:        0.002ns  (logic 0.000ns (0.000%)  route 0.002ns (100.000%))
  Logic Levels:           0  
  Clock Uncertainty:      0.025ns  ((TSJ^2 + TIJ^2)^1/2 + DJ) / 2 + PE
    Total System Jitter     (TSJ):    0.050ns
    Total Input Jitter      (TIJ):    0.000ns
    Discrete Jitter          (DJ):    0.000ns
    Phase Error              (PE):    0.000ns

    Location             Delay type                Incr(ns)  Path(ns)    Netlist Resource(s)
  -------------------------------------------------------------------    -------------------
    DSP48_X0Y22          DSP48E1                      0.000     0.000 r  <hidden>
                         net (fo=1, routed)           0.002     0.002    <hidden>
    DSP48_X0Y23          DSP48E1                                      r  <hidden>
  -------------------------------------------------------------------    -------------------

                         (clock clk rise edge)        0.000     0.000 r  
    E3                                                0.000     0.000 r  clk (IN)
                         net (fo=0)                   0.000     0.000    clk
    E3                   IBUF (Prop_ibuf_I_O)         1.482     1.482 r  clk_IBUF_inst/O
                         net (fo=1, routed)           2.025     3.506    clk_IBUF
    BUFGCTRL_X0Y16       BUFG (Prop_bufg_I_O)         0.096     3.602 r  clk_IBUF_BUFG_inst/O
                         net (fo=5334, routed)        1.736     5.338    <hidden>
    DSP48_X0Y23          DSP48E1                                      r  <hidden>

Slack:                    inf
  Source:                 <hidden>
                            (internal pin)
  Destination:            <hidden>
                            (rising edge-triggered cell DSP48E1 clocked by clk  {rise@0.000ns fall@5.000ns period=10.000ns})
  Path Group:             (none)
  Path Type:              Hold (Min at Slow Process Corner)
  Data Path Delay:        0.002ns  (logic 0.000ns (0.000%)  route 0.002ns (100.000%))
  Logic Levels:           0  
  Clock Uncertainty:      0.025ns  ((TSJ^2 + TIJ^2)^1/2 + DJ) / 2 + PE
    Total System Jitter     (TSJ):    0.050ns
    Total Input Jitter      (TIJ):    0.000ns
    Discrete Jitter          (DJ):    0.000ns
    Phase Error              (PE):    0.000ns

    Location             Delay type                Incr(ns)  Path(ns)    Netlist Resource(s)
  -------------------------------------------------------------------    -------------------
    DSP48_X0Y22          DSP48E1                      0.000     0.000 r  <hidden>
                         net (fo=1, routed)           0.002     0.002    <hidden>
    DSP48_X0Y23          DSP48E1                                      r  <hidden>
  -------------------------------------------------------------------    -------------------

                         (clock clk rise edge)        0.000     0.000 r  
    E3                                                0.000     0.000 r  clk (IN)
                         net (fo=0)                   0.000     0.000    clk
    E3                   IBUF (Prop_ibuf_I_O)         1.482     1.482 r  clk_IBUF_inst/O
                         net (fo=1, routed)           2.025     3.506    clk_IBUF
    BUFGCTRL_X0Y16       BUFG (Prop_bufg_I_O)         0.096     3.602 r  clk_IBUF_BUFG_inst/O
                         net (fo=5334, routed)        1.736     5.338    <hidden>
    DSP48_X0Y23          DSP48E1                                      r  <hidden>

Slack:                    inf
  Source:                 <hidden>
                            (internal pin)
  Destination:            <hidden>
                            (rising edge-triggered cell DSP48E1 clocked by clk  {rise@0.000ns fall@5.000ns period=10.000ns})
  Path Group:             (none)
  Path Type:              Hold (Min at Slow Process Corner)
  Data Path Delay:        0.002ns  (logic 0.000ns (0.000%)  route 0.002ns (100.000%))
  Logic Levels:           0  
  Clock Uncertainty:      0.025ns  ((TSJ^2 + TIJ^2)^1/2 + DJ) / 2 + PE
    Total System Jitter     (TSJ):    0.050ns
    Total Input Jitter      (TIJ):    0.000ns
    Discrete Jitter          (DJ):    0.000ns
    Phase Error              (PE):    0.000ns

    Location             Delay type                Incr(ns)  Path(ns)    Netlist Resource(s)
  -------------------------------------------------------------------    -------------------
    DSP48_X0Y22          DSP48E1                      0.000     0.000 r  <hidden>
                         net (fo=1, routed)           0.002     0.002    <hidden>
    DSP48_X0Y23          DSP48E1                                      r  <hidden>
  -------------------------------------------------------------------    -------------------

                         (clock clk rise edge)        0.000     0.000 r  
    E3                                                0.000     0.000 r  clk (IN)
                         net (fo=0)                   0.000     0.000    clk
    E3                   IBUF (Prop_ibuf_I_O)         1.482     1.482 r  clk_IBUF_inst/O
                         net (fo=1, routed)           2.025     3.506    clk_IBUF
    BUFGCTRL_X0Y16       BUFG (Prop_bufg_I_O)         0.096     3.602 r  clk_IBUF_BUFG_inst/O
                         net (fo=5334, routed)        1.736     5.338    <hidden>
    DSP48_X0Y23          DSP48E1                                      r  <hidden>

Slack:                    inf
  Source:                 <hidden>
                            (internal pin)
  Destination:            <hidden>
                            (rising edge-triggered cell DSP48E1 clocked by clk  {rise@0.000ns fall@5.000ns period=10.000ns})
  Path Group:             (none)
  Path Type:              Hold (Min at Slow Process Corner)
  Data Path Delay:        0.002ns  (logic 0.000ns (0.000%)  route 0.002ns (100.000%))
  Logic Levels:           0  
  Clock Uncertainty:      0.025ns  ((TSJ^2 + TIJ^2)^1/2 + DJ) / 2 + PE
    Total System Jitter     (TSJ):    0.050ns
    Total Input Jitter      (TIJ):    0.000ns
    Discrete Jitter          (DJ):    0.000ns
    Phase Error              (PE):    0.000ns

    Location             Delay type                Incr(ns)  Path(ns)    Netlist Resource(s)
  -------------------------------------------------------------------    -------------------
    DSP48_X0Y22          DSP48E1                      0.000     0.000 r  <hidden>
                         net (fo=1, routed)           0.002     0.002    <hidden>
    DSP48_X0Y23          DSP48E1                                      r  <hidden>
  -------------------------------------------------------------------    -------------------

                         (clock clk rise edge)        0.000     0.000 r  
    E3                                                0.000     0.000 r  clk (IN)
                         net (fo=0)                   0.000     0.000    clk
    E3                   IBUF (Prop_ibuf_I_O)         1.482     1.482 r  clk_IBUF_inst/O
                         net (fo=1, routed)           2.025     3.506    clk_IBUF
    BUFGCTRL_X0Y16       BUFG (Prop_bufg_I_O)         0.096     3.602 r  clk_IBUF_BUFG_inst/O
                         net (fo=5334, routed)        1.736     5.338    <hidden>
    DSP48_X0Y23          DSP48E1                                      r  <hidden>

Slack:                    inf
  Source:                 <hidden>
                            (internal pin)
  Destination:            <hidden>
                            (rising edge-triggered cell DSP48E1 clocked by clk  {rise@0.000ns fall@5.000ns period=10.000ns})
  Path Group:             (none)
  Path Type:              Hold (Min at Slow Process Corner)
  Data Path Delay:        0.002ns  (logic 0.000ns (0.000%)  route 0.002ns (100.000%))
  Logic Levels:           0  
  Clock Uncertainty:      0.025ns  ((TSJ^2 + TIJ^2)^1/2 + DJ) / 2 + PE
    Total System Jitter     (TSJ):    0.050ns
    Total Input Jitter      (TIJ):    0.000ns
    Discrete Jitter          (DJ):    0.000ns
    Phase Error              (PE):    0.000ns

    Location             Delay type                Incr(ns)  Path(ns)    Netlist Resource(s)
  -------------------------------------------------------------------    -------------------
    DSP48_X0Y22          DSP48E1                      0.000     0.000 r  <hidden>
                         net (fo=1, routed)           0.002     0.002    <hidden>
    DSP48_X0Y23          DSP48E1                                      r  <hidden>
  -------------------------------------------------------------------    -------------------

                         (clock clk rise edge)        0.000     0.000 r  
    E3                                                0.000     0.000 r  clk (IN)
                         net (fo=0)                   0.000     0.000    clk
    E3                   IBUF (Prop_ibuf_I_O)         1.482     1.482 r  clk_IBUF_inst/O
                         net (fo=1, routed)           2.025     3.506    clk_IBUF
    BUFGCTRL_X0Y16       BUFG (Prop_bufg_I_O)         0.096     3.602 r  clk_IBUF_BUFG_inst/O
                         net (fo=5334, routed)        1.736     5.338    <hidden>
    DSP48_X0Y23          DSP48E1                                      r  <hidden>





